ID,date,month,year,outflow,inflow,storage_original,storage
1,1,1,2007,17.4,64.8,112.92,1129200000
2,2,1,2007,17.4,64.8,112.95,1129500000
3,3,1,2007,17.4,80.5,113.02,1130200000
4,4,1,2007,17.5,72.8,113.06,1130600000
5,5,1,2007,17.5,49.1,113.14,1131400000
6,6,1,2007,17.5,72.8,113.2,1132000000
7,7,1,2007,17.5,72.8,113.27,1132700000
8,8,1,2007,17.5,64.9,113.34,1133400000
9,9,1,2007,17.5,80.6,113.41,1134100000
10,10,1,2007,17.5,64.9,113.48,1134800000
11,11,1,2007,17.6,57,113.53,1135300000
12,12,1,2007,17.6,65,113.59,1135900000
13,13,1,2007,17.6,72.8,113.65,1136500000
14,14,1,2007,731.2,50.8,113.43,1134300000
15,15,1,2007,916.7,101.2,112.51,1125100000
16,16,1,2007,1009.4,95,111.44,1114400000
17,17,1,2007,744.9,50,110.4,1104000000
18,18,1,2007,599.2,112.1,109.69,1096900000
19,19,1,2007,591.21,91.4,109.01,1090100000
20,20,1,2007,760.96,111.4,108.25,1082500000
21,21,1,2007,927.74,116.8,107.26,1072600000
22,22,1,2007,872.95,116.2,106.08,1060800000
23,23,1,2007,744.83,83.8,105.1,1051000000
24,24,1,2007,418.1,93.8,104.28,1042800000
25,25,1,2007,27.8,46,104.19,1041900000
26,26,1,2007,27.8,76.4,104.27,1042700000
27,27,1,2007,342.8,82.7,104.21,1042100000
28,28,1,2007,779.7,92.5,103.4,1034000000
29,29,1,2007,844.1,73.8,102.21,1022100000
30,30,1,2007,784.1,64.4,101.12,1011200000
31,31,1,2007,761.3,90.3,99.95,999500000
32,1,2,2007,703.8,101,98.89,988900000
33,2,2,2007,698.5,100,97.83,978300000
34,3,2,2007,723.5,66.3,96.69,966900000
35,4,2,2007,720,49,95.41,954100000
36,5,2,2007,679.8,50.5,94.1,941000000
37,6,2,2007,429.9,73.8,92.96,929600000
38,7,2,2007,29.5,68.9,92.77,927700000
39,8,2,2007,29.6,60.3,92.84,928400000
40,9,2,2007,29.8,60.4,92.91,929100000
41,10,2,2007,314.2,51.7,92.79,927900000
42,11,2,2007,724.3,70,91.64,916400000
43,12,2,2007,688.5,87.5,90.21,902100000
44,13,2,2007,637.5,89.4,88.84,888400000
45,14,2,2007,618.5,99.8,87.42,874200000
46,15,2,2007,555.5,36.5,85.96,859600000
47,16,2,2007,341.5,97.4,84.92,849200000
48,17,2,2007,259.5,88.9,84.37,843700000
49,18,2,2007,225.5,73,83.86,838600000
50,19,2,2007,205.5,79.8,83.43,834300000
51,20,2,2007,186.5,80.7,83.06,830600000
52,21,2,2007,170.5,72.1,82.71,827100000
53,22,2,2007,157.1,67,82.4,824000000
54,23,2,2007,148.8,72,82.2,822000000
55,24,2,2007,140.8,84.1,82.01,820100000
56,25,2,2007,132.6,81.9,81.84,818400000
57,26,2,2007,125.5,95.7,81.68,816800000
58,27,2,2007,131,200,81.8,818000000
59,28,2,2007,143,230,82.06,820600000
60,1,3,2007,154.6,223.2,83.32,833200000
61,2,3,2007,157.8,145.9,82.39,823900000
62,3,3,2007,154.4,121.6,82.32,823200000
63,4,3,2007,148.7,103.9,82.18,821800000
64,5,3,2007,142.5,100.7,82.04,820400000
65,6,3,2007,136.1,94.3,81.9,819000000
66,7,3,2007,130,94.2,81.77,817700000
67,8,3,2007,124.6,91.8,81.65,816500000
68,9,3,2007,120.1,96.3,81.55,815500000
69,10,3,2007,116.7,92.8,81.48,814800000
70,11,3,2007,113.2,95.5,84.41,844100000
71,12,3,2007,110.6,92.7,81.35,813500000
72,13,3,2007,108.1,93.2,81.29,812900000
73,14,3,2007,105.5,90.6,81.24,812400000
74,15,3,2007,103.4,88.5,81.19,811900000
75,16,3,2007,101.5,89.5,81.15,811500000
76,17,3,2007,99,87,81.1,811000000
77,18,3,2007,101.2,137,81.15,811500000
78,19,3,2007,107.2,137.1,81.28,812800000
79,20,3,2007,110,118.9,81.33,813300000
80,21,3,2007,110.5,110.5,81.35,813500000
81,22,3,2007,109.7,103.7,81.33,813300000
82,23,3,2007,108.6,103.7,81.31,813100000
83,24,3,2007,107.1,101.1,81.27,812700000
84,25,3,2007,107.3,107.3,81.28,812800000
85,26,3,2007,106.8,103.8,81.27,812700000
86,27,3,2007,105.8,93.8,81.24,812400000
87,28,3,2007,103.3,88.4,81.19,811900000
88,29,3,2007,101.5,92.5,81.15,811500000
89,30,3,2007,100.5,94.5,81.13,811300000
90,31,3,2007,99.1,90.2,81.1,811000000
91,1,4,2007,98.5,92.5,81.08,810800000
92,2,4,2007,97.4,88.4,81.06,810600000
93,3,4,2007,96,87,81.03,810300000
94,4,4,2007,93.6,75.7,80.98,809800000
95,5,4,2007,91.5,82.5,80.93,809300000
96,6,4,2007,90.2,81.2,80.9,809000000
97,7,4,2007,88.9,82.9,80.87,808700000
98,8,4,2007,87.9,79,80.85,808500000
99,9,4,2007,87.2,87.2,80.84,808400000
100,10,4,2007,87,84,80.83,808300000
101,11,4,2007,86.6,83.7,80.83,808300000
102,12,4,2007,86.3,86.3,80.82,808200000
103,13,4,2007,85.9,82.9,80.81,808100000
104,14,4,2007,85.9,85.9,80.81,808100000
105,15,4,2007,85.6,82.6,80.81,808100000
106,16,4,2007,85.3,82.3,80.8,808000000
107,17,4,2007,84.8,84.8,80.79,807900000
108,18,4,2007,85.3,94.2,80.8,808000000
109,19,4,2007,89.1,119,80.88,808800000
110,20,4,2007,91.8,100.8,80.94,809400000
111,21,4,2007,92.5,89.5,80.95,809500000
112,22,4,2007,91,79.1,80.92,809200000
113,23,4,2007,89.1,77.2,80.88,808800000
114,24,4,2007,87.3,87.3,80.84,808400000
115,25,4,2007,94,171.6,80.98,809800000
116,26,4,2007,104.2,146,81.2,812000000
117,27,4,2007,108,122.9,81.29,812900000
118,28,4,2007,119.9,418.5,81.54,815400000
119,29,4,2007,212.7,759.1,83.57,835700000
120,30,4,2007,258.9,342.5,84.34,843400000
121,1,5,2007,260.4,218.6,84.36,843600000
122,2,5,2007,240.7,154.1,84.12,841200000
123,3,5,2007,224.4,125.8,83.8,838000000
124,4,5,2007,212.5,164.7,83.56,835600000
125,5,5,2007,204.6,147.9,83.4,834000000
126,6,5,2007,192.5,111.9,83.16,831600000
127,7,5,2007,181.2,115.5,82.93,829300000
128,8,5,2007,171.2,105.5,82.7,827000000
129,9,5,2007,161.9,96.2,82.48,824800000
130,10,5,2007,152.5,86.8,82.26,822600000
131,11,5,2007,144.4,96.6,82.07,820700000
132,12,5,2007,139.6,130.6,81.96,819600000
133,13,5,2007,138.3,120.3,81.93,819300000
134,14,5,2007,135.5,117.6,81.88,818800000
135,15,5,2007,132.6,111.7,81.81,818100000
136,16,5,2007,128.4,98.6,81.72,817200000
137,17,5,2007,126.8,139.3,81.7,817000000
138,18,5,2007,129.5,141,81.75,817500000
139,19,5,2007,128.9,116,81.73,817300000
140,20,5,2007,131.2,152.1,81.78,817800000
141,21,5,2007,134.4,149.3,81.85,818500000
142,22,5,2007,135.3,135.3,81.887,818870000
143,23,5,2007,134.5,125.5,81.85,818500000
144,24,5,2007,132.2,111.3,81.8,818000000
145,25,5,2007,135.5,168.4,81.88,818800000
146,26,5,2007,136,147.9,81.89,818900000
147,27,5,2007,137.8,134.8,81.92,819200000
148,28,5,2007,155.5,352.5,82.33,823300000
149,29,5,2007,184.8,393.8,83,830000000
150,30,5,2007,214.6,384.8,83.6,836000000
151,31,5,2007,230.6,284.3,83.99,839900000
152,1,6,2007,238.2,283,84.12,841200000
153,2,6,2007,243.2,234.2,84.18,841800000
154,3,6,2007,234.5,192.7,84.08,840800000
155,4,6,2007,246.7,342.2,84.23,842300000
156,5,6,2007,254.9,248.9,84.33,843300000
157,6,6,2007,287,511.5,84.72,847200000
158,7,6,2007,335.4,467.9,85.32,853200000
159,8,6,2007,342.1,331.1,85.41,854100000
160,9,6,2007,331.7,261.8,85.47,854700000
161,10,6,2007,320.9,298.8,85.13,851300000
162,11,6,2007,315.4,271.3,85.06,850600000
163,12,6,2007,310.7,336.4,85,850000000
164,13,6,2007,393.6,1000.5,86.02,860200000
165,14,6,2007,534.9,964,87.75,877500000
166,15,6,2007,554.7,547.3,87.98,879800000
167,16,6,2007,543.6,517.9,87.85,878500000
168,17,6,2007,532.2,458.6,87.72,877200000
169,18,6,2007,518.4,477.9,87.56,875600000
170,19,6,2007,515.1,526.2,87.52,875200000
171,20,6,2007,554.3,797.2,87.98,879800000
172,21,6,2007,584.7,632.5,88.34,883400000
173,22,6,2007,571.6,464.8,88.18,881800000
174,23,6,2007,540.4,389.5,87.81,878100000
175,24,6,2007,502.1,318,87.34,873400000
176,25,6,2007,464.1,294.8,86.86,868600000
177,26,6,2007,425.9,282.3,86.43,864300000
178,27,6,2007,421,549.8,86.37,863700000
179,28,6,2007,502,840.6,87.34,873400000
180,29,6,2007,553.7,826,87.97,879700000
181,30,6,2007,681.5,1538.9,89.53,895300000
182,1,7,2007,1038.2,1615.8,91.58,915800000
183,2,7,2007,1401.3,1392.5,91.79,917900000
184,3,7,2007,1391,1268.5,91.7,917000000
185,4,7,2007,1324.6,1018.3,91.11,911100000
186,5,7,2007,1240.4,856.8,90.33,903300000
187,6,7,2007,1115.9,781,89.38,893800000
188,7,7,2007,1045.2,960.5,88.88,888800000
189,8,7,2007,1024.7,951.1,88.73,887300000
190,9,7,2007,974.2,801.2,88.36,883600000
191,10,7,2007,922.5,826.8,87.98,879800000
192,11,7,2007,872.4,706.7,87.63,876300000
193,12,7,2007,878.3,1047.6,87.67,876700000
194,13,7,2007,1002.9,1400.4,88.57,885700000
195,14,7,2007,1084.6,1161.9,89.16,891600000
196,15,7,2007,1068,961.3,89.04,890400000
197,16,7,2007,1040.6,1033.2,88.84,888400000
198,17,7,2007,1023.9,909.8,88.72,887200000
199,18,7,2007,978.8,894.2,88.39,883900000
200,19,7,2007,971,937.8,88.33,883300000
201,20,7,2007,919.6,720.8,87.96,879600000
202,21,7,2007,835.5,599.8,87.35,873500000
203,22,7,2007,756,553.5,86.75,867500000
204,23,7,2007,687.7,555.2,86.29,862900000
205,24,7,2007,632.2,470.2,85.9,859000000
206,25,7,2007,573.8,422.9,85.45,854500000
207,26,7,2007,438.2,651.7,85.43,854300000
208,27,7,2007,219.8,1611,88.12,881200000
209,28,7,2007,141.6,1741.1,91.72,917200000
210,29,7,2007,174.1,1604.7,95.13,951300000
211,30,7,2007,193.3,1184.4,97.54,975400000
212,31,7,2007,206.6,1279.1,99.38,993800000
213,1,8,2007,221.3,1288.7,101.37,1013700000
214,2,8,2007,231.8,1062.7,102.86,1028600000
215,3,8,2007,239,1021.4,104.2,1042000000
216,4,8,2007,578.1,978.9,105.25,1052500000
217,5,8,2007,967.7,732.3,105.18,1051800000
218,6,8,2007,958.1,665.3,104.76,1047600000
219,7,8,2007,712.4,542.5,104.28,1042800000
220,8,8,2007,475.6,463.5,104.27,1042700000
221,9,8,2007,475,456.8,104.21,1042100000
222,10,8,2007,475,456.8,104.21,1042100000
223,11,8,2007,473.9,395.1,104.1,1041000000
224,12,8,2007,472.7,461.1,104.03,1040300000
225,13,8,2007,472.7,418.1,103.98,1039800000
226,14,8,2007,472.2,417.6,103.91,1039100000
227,15,8,2007,471.3,386.4,103.78,1037800000
228,16,8,2007,469.8,324.3,103.57,1035700000
229,17,8,2007,468,298.2,103.32,1033200000
230,18,8,2007,201,395,103.22,1032200000
231,19,8,2007,42,466.6,103.93,1039300000
232,20,8,2007,22.6,338,104.5,1045000000
233,21,8,2007,13,322,105.02,1050200000
234,22,8,2007,43.4,347.9,105.45,1054500000
235,23,8,2007,43.9,320.7,105.87,1058700000
236,24,8,2007,44.4,577.4,106.44,1064400000
237,25,8,2007,45.3,716.7,107.35,1073500000
238,26,8,2007,46.1,662.1,108.24,1082400000
239,27,8,2007,46.9,759.9,109.16,1091600000
240,28,8,2007,47.8,1011,110.41,1104100000
241,29,8,2007,48.7,759.1,111.51,1115100000
242,30,8,2007,49.6,657.4,112.28,1122800000
243,31,8,2007,50.1,507.9,112.92,1129200000
244,1,9,2007,51.15,501.1,113.5,1135000000
245,2,9,2007,51.6,556.8,114.08,1140800000
246,3,9,2007,52.39,1162.6,115.16,1151600000
247,4,9,2007,53.6,1671.2,116.89,1168900000
248,5,9,2007,361.5,1199.3,118.32,1183200000
249,6,9,2007,670.3,839.6,118.73,1187300000
250,7,9,2007,670.76,661.9,118.79,1187900000
251,8,9,2007,670.41,616.9,118.75,1187500000
252,9,9,2007,802.2,1426.1,119.08,1190800000
253,10,9,2007,1249.1,1400.6,119.73,1197300000
254,11,9,2007,1246.8,943.8,119.57,1195700000
255,12,9,2007,1239.9,749.7,119.09,1190900000
256,13,9,2007,1230.9,706.9,118.49,1184900000
257,14,9,2007,1220.5,569.9,117.8,1178000000
258,15,9,2007,833.7,495,117.19,1171900000
259,16,9,2007,355.1,453.1,117.1,1171000000
260,17,9,2007,205.1,481.4,117.36,1173600000
261,18,9,2007,206,518,117.7,1177000000
262,19,9,2007,206.9,474.3,118.02,1180200000
263,20,9,2007,207.5,421.4,118.27,1182700000
264,21,9,2007,208,377.4,118.48,1184800000
265,22,9,2007,208.5,351.1,118.65,1186500000
266,23,9,2007,208.8,324.7,118.79,1187900000
267,24,9,2007,209.1,307.1,118.91,1189100000
268,25,9,2007,209.4,316.3,119.03,1190300000
269,26,9,2007,209.7,352.3,119.16,1191600000
270,27,9,2007,210.2,406.3,119.37,1193700000
271,28,9,2007,262.6,494.4,119.6,1196000000
272,29,9,2007,471.2,569.25,119.84,1198400000
273,30,9,2007,625.78,384.9,119.66,1196600000
274,1,10,2007,624.1,312.1,119.33,1193300000
275,2,10,2007,623.1,300.6,118.98,1189800000
276,3,10,2007,619.1,289,118.61,1186100000
277,4,10,2007,616.1,286.2,118.24,1182400000
278,5,10,2007,461.1,318.8,117.94,1179400000
279,6,10,2007,309.1,425.1,118.02,1180200000
280,7,10,2007,310.1,380.9,118.12,1181200000
281,8,10,2007,310.1,372.3,118.2,1182000000
282,9,10,2007,310.1,399.3,118.28,1182800000
283,10,10,2007,310.1,400,118.39,1183900000
284,11,10,2007,311.1,373.3,118.47,1184700000
285,12,10,2007,311.1,346.7,118.52,1185200000
286,13,10,2007,311.1,337.9,118.55,1185500000
287,14,10,2007,311.1,311.2,118.56,1185600000
288,15,10,2007,311.1,329.1,118.57,1185700000
289,16,10,2007,311.1,311.3,118.58,1185800000
290,17,10,2007,311.1,311.3,118.58,1185800000
291,18,10,2007,311.1,302.4,118.57,1185700000
292,19,10,2007,311.1,293.4,118.56,1185600000
293,20,10,2007,311.1,293.3,118.54,1185400000
294,21,10,2007,311.1,293.2,118.52,1185200000
295,22,10,2007,311.1,275.3,118.49,1184900000
296,23,10,2007,311.1,293,118.46,1184600000
297,24,10,2007,311.1,275.1,118.43,1184300000
298,25,10,2007,310.1,266,118.38,1183800000
299,26,10,2007,259.1,241.5,118.35,1183500000
300,27,10,2007,208.1,226.2,118.36,1183600000
301,28,10,2007,208.1,226.2,118.37,1183700000
302,29,10,2007,208.1,217.3,118.39,1183900000
303,30,10,2007,208.1,217.4,118.4,1184000000
304,31,10,2007,208.1,208.5,118.41,1184100000
305,1,11,2007,208.3,253.3,118.43,1184300000
306,2,11,2007,208.3,235.6,118.47,1184700000
307,3,11,2007,208.3,217.8,118.49,1184900000
308,4,11,2007,208.3,235.7,118.51,1185100000
309,5,11,2007,188.3,233.1,118.54,1185400000
310,6,11,2007,127.3,207.5,118.63,1186300000
311,7,11,2007,127.3,180.8,118.7,1187000000
312,8,11,2007,127.3,180.9,118.76,1187600000
313,9,11,2007,127.3,181,118.82,1188200000
314,10,11,2007,127.3,172.2,118.87,1188700000
315,11,11,2007,127.3,172.2,118.92,1189200000
316,12,11,2007,127.3,172.3,118.97,1189700000
317,13,11,2007,128.3,154.6,119.01,1190100000
318,14,11,2007,128.3,172.4,119.06,1190600000
319,15,11,2007,128.3,163.6,119.1,1191000000
320,16,11,2007,128.3,163.6,119.14,1191400000
321,17,11,2007,128.3,154.8,119.17,1191700000
322,18,11,2007,128.3,154.8,119.2,1192000000
323,19,11,2007,128.3,154.9,119.23,1192300000
324,20,11,2007,128.3,154.9,119.26,1192600000
325,21,11,2007,128.3,146,119.28,1192800000
326,22,11,2007,128.3,155,119.31,1193100000
327,23,11,2007,128.3,146.1,119.33,1193300000
328,24,11,2007,128.3,146.2,119.35,1193500000
329,25,11,2007,128.3,137.2,119.36,1193600000
330,26,11,2007,128.3,164,119.4,1194000000
331,27,11,2007,128.3,128.4,119.41,1194100000
332,28,11,2007,128.3,128.4,119.41,1194100000
333,29,11,2007,128.3,128.4,119.41,1194100000
334,30,11,2007,128.3,155.2,119.43,1194300000
335,1,12,2007,128.3,137.4,119.45,1194500000
336,2,12,2007,128.3,128.4,119.44,1194400000
337,3,12,2007,128.3,128.5,119.45,1194500000
338,4,12,2007,128.3,128.5,119.47,1194700000
339,5,12,2007,128.3,146.3,119.47,1194700000
340,6,12,2007,128.3,137.4,119.48,1194800000
341,7,12,2007,128.3,137.4,119.49,1194900000
342,8,12,2007,128.3,137.4,119.5,1195000000
343,9,12,2007,128.3,128.5,119.5,1195000000
344,10,12,2007,113.3,130.8,119.51,1195100000
345,11,12,2007,66.3,111,119.55,1195500000
346,12,12,2007,66.3,102.1,119.6,1196000000
347,13,12,2007,66.3,120,119.65,1196500000
348,14,12,2007,66.3,102.2,119.69,1196900000
349,15,12,2007,66.3,102.2,119.74,1197400000
350,16,12,2007,67.3,102.3,119.78,1197800000
351,17,12,2007,67.3,93.4,119.81,1198100000
352,18,12,2007,67.3,102.3,119.85,1198500000
353,19,12,2007,67.3,84.5,119.87,1198700000
354,20,12,2007,67.3,129.1,119.93,1199300000
355,21,12,2007,67.3,93.5,119.97,1199700000
356,22,12,2007,98.3,115.8,120,1200000000
357,23,12,2007,129.3,129.3,120,1200000000
358,24,12,2007,503.3,245.5,119.84,1198400000
359,25,12,2007,501.3,198.3,119.51,1195100000
360,26,12,2007,499.3,205.3,119.17,1191700000
361,27,12,2007,336.3,211.8,118.87,1188700000
362,28,12,2007,25.3,78.3,118.84,1188400000
363,29,12,2007,25.3,87.2,118.91,1189100000
364,30,12,2007,25.3,78.3,119.97,1199700000
365,31,12,2007,25.3,69.4,119.02,1190200000
366,1,1,2008,24.8,69.4,119.07,1190700000
367,2,1,2008,22.24,66.8,119.13,1191300000
368,3,1,2008,14.51,76.9,119.19,1191900000
369,4,1,2008,9.36,71.7,119.25,1192500000
370,5,1,2008,4.2,66.6,119.33,1193300000
371,6,1,2008,4.2,66.6,119.39,1193900000
372,7,1,2008,6.79,78.1,119.47,1194700000
373,8,1,2008,14.56,68,119.54,1195400000
374,9,1,2008,14.56,76.9,119.6,1196000000
375,10,1,2008,14.57,59.1,119.66,1196600000
376,11,1,2008,14.58,68.1,119.72,1197200000
377,12,1,2008,14.59,59.1,119.78,1197800000
378,13,1,2008,14.59,68.1,119.83,1198300000
379,14,1,2008,14.6,50.2,119.88,1198800000
380,15,1,2008,14.6,68.1,119.93,1199300000
381,16,1,2008,199.29,98,119.96,1199600000
382,17,1,2008,719.19,160.2,119.54,1195400000
383,18,1,2008,850.04,204.2,118.93,1189300000
384,19,1,2008,911.4,170.7,118.21,1182100000
385,20,1,2008,706.04,159.7,117.44,1174400000
386,21,1,2008,506.02,167.4,117.02,1170200000
387,22,1,2008,403.87,169.2,116.67,1166700000
388,23,1,2008,328,157.7,116.47,1164700000
389,24,1,2008,500.29,122.4,116.15,1161500000
390,25,1,2008,909.49,182.7,115.61,1156100000
391,26,1,2008,1004.13,208.9,114.68,1146800000
392,27,1,2008,13.84,107.6,114.21,1142100000
393,28,1,2008,13.85,77,114.29,1142900000
394,29,1,2008,13.86,69.1,114.35,1143500000
395,30,1,2008,13.87,69.1,114.42,1144200000
396,31,1,2008,707.16,109.2,114.15,1141500000
397,1,2,2008,699.85,210.4,113.47,1134700000
398,2,2,2008,776.46,168.7,112.78,1127800000
399,3,2,2008,867.96,184.6,111.89,1118900000
400,4,2,2008,593.91,227.5,111.16,1111600000
401,5,2,2008,392.32,160.7,110.7,1107000000
402,6,2,2008,13.5,92.4,110.64,1106400000
403,7,2,2008,13.5,92.4,110.76,1107600000
404,8,2,2008,13.51,76.7,110.83,1108300000
405,9,2,2008,13.51,108.2,110.94,1109400000
406,10,2,2008,13.52,37.2,110.99,1109900000
407,11,2,2008,13.53,84.6,111.07,1110700000
408,12,2,2008,13.56,84.6,111.15,1111500000
409,13,2,2008,13.58,68.8,111.22,1112200000
410,14,2,2008,13.6,68.9,111.3,1113000000
411,15,2,2008,13.62,68.9,111.36,1113600000
412,16,2,2008,13.63,61,111.43,1114300000
413,17,2,2008,13.65,68.9,111.5,1115000000
414,18,2,2008,49.47,76.8,111.57,1115700000
415,19,2,2008,192.18,87,111.52,1115200000
416,20,2,2008,6.79,57.1,111.49,1114900000
417,21,2,2008,13.67,76.8,111.56,1115600000
418,22,2,2008,13.69,76.8,111.63,1116300000
419,23,2,2008,13.71,61.1,111.7,1117000000
420,24,2,2008,13.73,69,111.77,1117700000
421,25,2,2008,13.75,61.1,111.83,1118300000
422,26,2,2008,1024.5,71.5,111.32,1113200000
423,27,2,2008,1008.5,65.2,110.21,1102100000
424,28,2,2008,666.7,59.3,109.23,1092300000
425,29,2,2008,410.7,70.8,108.72,1087200000
426,1,3,2008,711.2,92.4,108.23,1082300000
427,2,3,2008,907.2,64.1,107.29,1072900000
428,3,3,2008,903.2,76.1,106.2,1062000000
429,4,3,2008,709.2,60,105.14,1051400000
430,5,3,2008,15.55,54.8,104.77,1047700000
431,6,3,2008,15.56,51.9,104.82,1048200000
432,7,3,2008,15.58,70.2,104.91,1049100000
433,8,3,2008,15.59,39.9,104.97,1049700000
434,9,3,2008,15.61,83.1,105.04,1050400000
435,10,3,2008,15.64,64.1,105.12,1051200000
436,11,3,2008,15.66,71,105.2,1052000000
437,12,3,2008,15.7,64.1,105.28,1052800000
438,13,3,2008,15.7,64.1,105.34,1053400000
439,14,3,2008,69.39,69,105.41,1054100000
440,15,3,2008,231.8,93.4,105.32,1053200000
441,16,3,2008,236.3,77.1,105.11,1051100000
442,17,3,2008,235.7,101.4,104.8675,1048675000
443,18,3,2008,235.6,96.1,104.65,1046500000
444,19,3,2008,238.2,92.6,104.4,1044000000
445,20,3,2008,233.3,99.9,104.19,1041900000
446,21,3,2008,217.2,89.8,103.97,1039700000
447,22,3,2008,216.7,143.9,103.82,1038200000
448,23,3,2008,215.6,112.5,103.69,1036900000
449,24,3,2008,215.8,118.8,103.5,1035000000
450,25,3,2008,216.5,95.2,103.32,1033200000
451,26,3,2008,216.3,76.8,103.1,1031000000
452,27,3,2008,214,74.5,102.87,1028700000
453,28,3,2008,216.5,77,102.64,1026400000
454,29,3,2008,220.7,87.3,102.41,1024100000
455,30,3,2008,219.3,92,102.21,1022100000
456,31,3,2008,218.8,91.8,101.97,1019700000
457,1,4,2008,226.6,66.7,101.73,1017300000
458,2,4,2008,232.2,86.8,101.51,1015100000
459,3,4,2008,232.1,83.4,101.31,1013100000
460,4,4,2008,229.5,85.1,101.09,1010900000
461,5,4,2008,230.2,83.3,100.88,1008800000
462,6,4,2008,207.2,69.6,100.65,1006500000
463,7,4,2008,238.1,85,100.4,1004000000
464,8,4,2008,235.6,80.7,100.13,1001300000
465,9,4,2008,236.8,104.6,99.85,998500000
466,10,4,2008,240.1,96.3,99.57,995700000
467,11,4,2008,232,64.5,99.26,992600000
468,12,4,2008,220,75.9,98.95,989500000
469,13,4,2008,181.1,130.5,98.75,987500000
470,14,4,2008,10.6,299.6,99.1,991000000
471,15,4,2008,15.7,206.7,99.51,995100000
472,16,4,2008,15.8,108.7,99.77,997700000
473,17,4,2008,15.9,151.3,100,1000000000
474,18,4,2008,16,222.2,100.23,1002300000
475,19,4,2008,16.1,161.7,100.57,1005700000
476,20,4,2008,16.2,113.3,100.76,1007600000
477,21,4,2008,16.3,113.3,100.91,1009100000
478,22,4,2008,16.3,83.8,101.01,1010100000
479,23,4,2008,16.4,100.5,101.17,1011700000
480,24,4,2008,16.4,107.4,101.32,1013200000
481,25,4,2008,16.5,113.5,101.48,1014800000
482,26,4,2008,16.5,77.1,101.59,1015900000
483,27,4,2008,16.5,65,101.68,1016800000
484,28,4,2008,16.6,79.6,101.79,1017900000
485,29,4,2008,131.1,98.3,101.82,1018200000
486,30,4,2008,106.7,66.6,101.65,1016500000
487,1,5,2008,241.6,105.1,101.55,1015500000
488,2,5,2008,242.9,152.5,101.36,1013600000
489,3,5,2008,245.6,129.6,101.18,1011800000
490,4,5,2008,248.3,143.8,100.98,1009800000
491,5,5,2008,242,404.5,101,1010000000
492,6,5,2008,254.4,289.9,101.22,1012200000
493,7,5,2008,245.7,205.8,101.18,1011800000
494,8,5,2008,246,192.3,101.1,1011000000
495,9,5,2008,166.3,100.7,100.94,1009400000
496,10,5,2008,209.5,125.4,100.84,1008400000
497,11,5,2008,247.7,179.8,100.71,1007100000
498,12,5,2008,248.5,133.7,100.56,1005600000
499,13,5,2008,249.7,122.2,100.31,1003100000
500,14,5,2008,203.3,67.3,100.41,1004100000
501,15,5,2008,242.7,104.5,99.87,998700000
502,16,5,2008,253.2,120.4,99.59,995900000
503,17,5,2008,226.9,120.8,99.29,992900000
504,18,5,2008,255.6,199.8,99.09,990900000
505,19,5,2008,255.1,319.2,99.2,992000000
506,20,5,2008,255.3,226.4,99.17,991700000
507,21,5,2008,246.7,165.2,99.02,990200000
508,22,5,2008,245.1,126.6,98.87,988700000
509,23,5,2008,238.4,119.4,98.65,986500000
510,24,5,2008,220,116.1,98.46,984600000
511,25,5,2008,192.9,128,98.27,982700000
512,26,5,2008,193.4,115.3,98.09,980900000
513,27,5,2008,203.2,149.6,97.96,979600000
514,28,5,2008,213.3,119.3,97.8,978000000
515,29,5,2008,214.1,166,97.65,976500000
516,30,5,2008,214.4,197.3,97.59,975900000
517,31,5,2008,233.1,153.8,97.56,975600000
518,1,6,2008,211.7,199.8,97.63,976300000
519,2,6,2008,192.9,210.3,97.58,975800000
520,3,6,2008,202,266.7,97.67,976700000
521,4,6,2008,217.3,215,97.69,976900000
522,5,6,2008,202.1,174.4,97.66,976600000
523,6,6,2008,281.7,451.6,97.78,977800000
524,7,6,2008,447.4,574,98.06,980600000
525,8,6,2008,416.8,525.3,98.28,982800000
526,9,6,2008,308.2,601.3,98.7,987000000
527,10,6,2008,210.2,1010.2,99.91,999100000
528,11,6,2008,244.7,628.8,100.86,1008600000
529,12,6,2008,251.1,529.8,101.38,1013800000
530,13,6,2008,239.8,612.2,101.91,1019100000
531,14,6,2008,237.1,560.5,102.48,1024800000
532,15,6,2008,95.1,892.8,103.49,1034900000
533,16,6,2008,3.1,998.1,104.76,1047600000
534,17,6,2008,50,1532.6,106.99,1069900000
535,18,6,2008,780.5,1164.3,108.48,1084800000
536,19,6,2008,1471.9,873.5,108.07,1080700000
537,20,6,2008,1474.7,675.7,106.99,1069900000
538,21,6,2008,1208.4,647.4,105.94,1059400000
539,22,6,2008,860.9,590,105.41,1054100000
540,23,6,2008,572.8,515.6,105.24,1052400000
541,24,6,2008,521.5,495.2,105.19,1051900000
542,25,6,2008,480.8,597.6,105.24,1052400000
543,26,6,2008,472.3,612,105.4,1054000000
544,27,6,2008,417.6,944.9,105.79,1057900000
545,28,6,2008,940.6,1341.6,106.53,1065300000
546,29,6,2008,959.3,898.2,106.71,1067100000
547,30,6,2008,951.5,641.4,106.35,1063500000
548,1,7,2008,958.2,533.5,105.75,1057500000
549,2,7,2008,690.3,741.2,105.52,1055200000
550,3,7,2008,764.6,934.8,105.73,1057300000
551,4,7,2008,961.8,958,105.81,1058100000
552,5,7,2008,1204.9,1523.6,106.06,1060600000
553,6,7,2008,1658.1,1983.4,106.64,1066400000
554,7,7,2008,1965.5,1218.1,106.09,1060900000
555,8,7,2008,1730.9,836.5,104.73,1047300000
556,9,7,2008,1079.6,650.7,103.73,1037300000
557,10,7,2008,543.4,647.1,103.6,1036000000
558,11,7,2008,565.9,570.3,103.62,1036200000
559,12,7,2008,562,508.4,103.56,1035600000
560,13,7,2008,575.8,741.2,103.7,1037000000
561,14,7,2008,575.8,618.9,103.83,1038300000
562,15,7,2008,561.8,707.3,103.96,1039600000
563,16,7,2008,558.8,802.7,104.29,1042900000
564,17,7,2008,562.2,865.4,104.81,1048100000
565,18,7,2008,516.6,824.1,105.24,1052400000
566,19,7,2008,520.2,1096.9,105.99,1059900000
567,20,7,2008,1084.3,1334.6,106.53,1065300000
568,21,7,2008,1232.1,1047.8,106.51,1065100000
569,22,7,2008,1274.3,857.7,105.94,1059400000
570,23,7,2008,956.1,686.6,105.49,1054900000
571,24,7,2008,962.9,1281.8,105.48,1054800000
572,25,7,2008,1272.6,1272.6,105.96,1059600000
573,26,7,2008,1469.9,1316.5,105.92,1059200000
574,27,7,2008,1275.3,927.2,105.42,1054200000
575,28,7,2008,951,836.3,105.18,1051800000
576,29,7,2008,950.1,822.9,104.94,1049400000
577,30,7,2008,909.1,688.8,104.6,1046000000
578,31,7,2008,633.1,654.4,104.45,1044500000
579,1,8,2008,624.7712017,606,104.4,1044000000
580,2,8,2008,565.7618255,572.4,104.4,1044000000
581,3,8,2008,503.5054371,508.5,104.4,1044000000
582,4,8,2008,511.8658525,568.9,104.42,1044200000
583,5,8,2008,509.7953932,706.8,104.62,1046200000
584,6,8,2008,498.3259782,772.9,105.01,1050100000
585,7,8,2008,479.3676485,699.8,105.32,1053200000
586,8,8,2008,501.1904331,1075.4,105.76,1057600000
587,9,8,2008,476.9638428,2942.7,108.11,1081100000
588,10,8,2008,659.8685397,3213.9,111.93,1119300000
589,11,8,2008,1281.569401,2071.1,113.82,1138200000
590,12,8,2008,1575.006234,1433.2,113.94,1139400000
591,13,8,2008,1717.337601,2127.8,114.15,1141500000
592,14,8,2008,2155.751904,1682.6,114.03,1140300000
593,15,8,2008,2137.40295,1356.6,113.17,1131700000
594,16,8,2008,1907.710631,1087.5,112.06,1120600000
595,17,8,2008,1256.31229,949.1,111.37,1113700000
596,18,8,2008,783.7546665,1036.7,111.38,1113800000
597,19,8,2008,460.9849441,966.2,111.95,1119500000
598,20,8,2008,458.0852171,797.6,112.44,1124400000
599,21,8,2008,456.0876537,677.1,112.8,1128000000
600,22,8,2008,447.3525907,628.3,113.04,1130400000
601,23,8,2008,435.7517857,554.1,113.18,1131800000
602,24,8,2008,404.2211095,562,113.37,1133700000
603,25,8,2008,402.8621252,647.4,113.59,1135900000
604,26,8,2008,400.3538683,787,113.99,1139900000
605,27,8,2008,396.8588396,870,114.56,1145600000
606,28,8,2008,392.1377246,1305.5,115.33,1153300000
607,29,8,2008,378.8655595,1185.2,116.41,1164100000
608,30,8,2008,373.7823841,936.1,117.31,1173100000
609,31,8,2008,688.3416858,1763.1,118.13,1181300000
610,1,9,2008,993.3718285,1246.6,118.76,1187600000
611,2,9,2008,978.9452738,901.3,118.79,1187900000
612,3,9,2008,999.810239,882.5,118.65,1186500000
613,4,9,2008,1123.262867,1659.3,119.05,1190500000
614,5,9,2008,1620.232493,1231.4,118.96,1189600000
615,6,9,2008,1303.978028,815.2,118.38,1183800000
616,7,9,2008,991.667512,766.5,118.08,1180800000
617,8,9,2008,977.1797943,886.9,117.94,1179400000
618,9,9,2008,733.0404855,763.4,117.8,1178000000
619,10,9,2008,481.4826063,628.9,117.93,1179300000
620,11,9,2008,440.6624132,623.1,118.19,1181900000
621,12,9,2008,368.387963,531.8,118.43,1184300000
622,13,9,2008,374.2436625,559.3,118.6,1186000000
623,14,9,2008,359.8468507,520.2,118.77,1187700000
624,15,9,2008,372.5585551,456.7,118.91,1189100000
625,16,9,2008,371.9828304,495,119.03,1190300000
626,17,9,2008,371.8261261,396.8,119.06,1190600000
627,18,9,2008,371.7217305,370,119.08,1190800000
628,19,9,2008,364.0050006,321.8,119.06,1190600000
629,20,9,2008,364.975563,384.5,119.07,1190700000
630,21,9,2008,371.7217305,366.7,119.06,1190600000
631,22,9,2008,358.4827698,340.1,119.03,1190300000
632,23,9,2008,372.1396681,322.5,118.99,1189900000
633,24,9,2008,522.5401614,302.8,118.91,1189100000
634,25,9,2008,673.7588472,364.3,118.5,1185000000
635,26,9,2008,530.0919977,1347.8,118.94,1189400000
636,27,9,2008,1363.681444,1426.4,119.74,1197400000
637,28,9,2008,1257.217045,1089,119.48,1194800000
638,29,9,2008,678.4793186,786.8,119.46,1194600000
639,30,9,2008,473.430759,688.9,119.79,1197900000
640,1,10,2008,612.735417,629.8,119.82,1198200000
641,2,10,2008,467.3853512,523.2,119.87,1198700000
642,3,10,2008,394.0432656,480.6,119.97,1199700000
643,4,10,2008,486.7280572,506.6,119.99,1199900000
644,5,10,2008,664.8849817,699.1,120.02,1200200000
645,6,10,2008,678.6940635,607.4,119.99,1199900000
646,7,10,2008,493.6396341,449.9,119.89,1198900000
647,8,10,2008,416.2880079,405.8,119.91,1199100000
648,9,10,2008,354.7084421,352.5,119.9,1199000000
649,10,10,2008,361.3737251,352.8,119.89,1198900000
650,11,10,2008,361.4738257,362.2,119.87,1198700000
651,12,10,2008,361.6240819,317,119.84,1198400000
652,13,10,2008,355.3478533,317.4,119.77,1197700000
653,14,10,2008,369.0120254,291,119.69,1196900000
654,15,10,2008,348.5272621,275.5,119.62,1196200000
655,16,10,2008,208.2011256,222.7,119.59,1195900000
656,17,10,2008,154.6486369,280.6,119.67,1196700000
657,18,10,2008,146.5633679,185,119.8,1198000000
658,19,10,2008,154.4195301,233.4,119.85,1198500000
659,20,10,2008,231.650834,258.7,119.93,1199300000
660,21,10,2008,212.1751129,230.4,119.93,1199300000
661,22,10,2008,244.6206375,207.3,119.95,1199500000
662,23,10,2008,307.5094458,292.5,119.91,1199100000
663,24,10,2008,367.633514,461.4,119.97,1199700000
664,25,10,2008,360.6745868,403,120.03,1200300000
665,26,10,2008,360.7244346,342.7,120.02,1200200000
666,27,10,2008,367.5826579,337.4,119.98,1199800000
667,28,10,2008,361.3236958,319.9,119.91,1199100000
668,29,10,2008,368.1428582,320.2,119.87,1198700000
669,30,10,2008,361.9249735,301.9,119.79,1197900000
670,31,10,2008,328.7474944,344.7,119.73,1197300000
671,1,11,2008,604.5311582,872,120.01,1200100000
672,2,11,2008,1174.968022,1643.8,120.32,1203200000
673,3,11,2008,3168.721192,2539.9,120.59,1205900000
674,4,11,2008,3013.366444,1930,119.67,1196700000
675,5,11,2008,1524.87826,1353.1,119.41,1194100000
676,6,11,2008,904.8487619,1016.5,119.41,1194100000
677,7,11,2008,946.5217471,1188,119.57,1195700000
678,8,11,2008,980.7400279,1180,119.87,1198700000
679,9,11,2008,930.1989014,1036,119.85,1198500000
680,10,11,2008,631.0724491,839.9,120.05,1200500000
681,11,11,2008,730.2480983,800.8,120.19,1201900000
682,12,11,2008,790.595118,718,120.12,1201200000
683,13,11,2008,578.9444612,602,120.09,1200900000
684,14,11,2008,418.9870288,576.7,120.23,1202300000
685,15,11,2008,611.0007264,527.7,120.25,1202500000
686,16,11,2008,617.7836723,529.3,120.11,1201100000
687,17,11,2008,490.8325873,433.3,120.02,1200200000
688,18,11,2008,388.7861676,456.1,120.02,1200200000
689,19,11,2008,375.5318161,342.3,120.02,1200200000
690,20,11,2008,367.630175,354.7,120.01,1200100000
691,21,11,2008,361.0740614,374.8,120,1200000000
692,22,11,2008,354.6631339,294.8,119.96,1199600000
693,23,11,2008,361.5236958,375.2,119.91,1199100000
694,24,11,2008,313.743642,320.6,119.94,1199400000
695,25,11,2008,361.7739825,286,119.86,1198600000
696,26,11,2008,328.4474276,325.3,119.82,1198200000
697,27,11,2008,273.5647148,282.4,119.82,1198200000
698,28,11,2008,314.7387393,270,119.78,1197800000
699,29,11,2008,294.9235006,283.7,119.73,1197300000
700,30,11,2008,268.5770825,230.5,119.67,1196700000
701,1,12,2008,279.9022626,233.9,119.66,1196600000
702,2,12,2008,288.5966647,212,119.59,1195900000
703,3,12,2008,363.2830962,258.6,119.47,1194700000
704,4,12,2008,351.1098949,218.6,119.32,1193200000
705,5,12,2008,317.2767548,265.2,119.23,1192300000
706,6,12,2008,311.8314433,265.2,119.16,1191600000
707,7,12,2008,352.4369088,247,119.05,1190500000
708,8,12,2008,241.6514532,213.8,118.93,1189300000
709,9,12,2008,353.2280885,232.1,118.81,1188100000
710,10,12,2008,244.6027084,195.6,118.66,1186600000
711,11,12,2008,222.6951157,250.7,118.66,1186600000
712,12,12,2008,271.4162368,209.3,118.65,1186500000
713,13,12,2008,143.3566315,186.5,118.53,1185300000
714,14,12,2008,83.13110291,151.3,118.58,1185800000
715,15,12,2008,95.90022505,167.4,118.66,1186600000
716,16,12,2008,107.8334469,160.3,118.72,1187200000
717,17,12,2008,225.2133929,127.8,118.71,1187100000
718,18,12,2008,182.1217479,190.7,118.67,1186700000
719,19,12,2008,173.7634416,163.7,118.66,1186600000
720,20,12,2008,4.3,143,118.72,1187200000
721,21,12,2008,4.3,138,118.86,1188600000
722,22,12,2008,4.3,102.3,119,1190000000
723,23,12,2008,31.42164271,172.6,119.11,1191100000
724,24,12,2008,4.3,173.6,119.3,1193000000
725,25,12,2008,55.06180555,115,119.42,1194200000
726,26,12,2008,105.4248084,157,119.47,1194700000
727,27,12,2008,167.5567083,154.1,119.52,1195200000
728,28,12,2008,159.4855608,170.8,119.49,1194900000
729,29,12,2008,164.5230684,130.6,119.48,1194800000
730,30,12,2008,164.8578312,171,119.44,1194400000
731,31,12,2008,159.2267834,154.6,119.43,1194300000
732,1,1,2009,148.6835055,132,119.4,1194000000
733,2,1,2009,119.9447334,138.8,119.4,1194000000
734,3,1,2009,117.5124054,146.9,119.4,1194000000
735,4,1,2009,71.79649919,131.3,119.46,1194600000
736,5,1,2009,88.75379103,115.4,119.49,1194900000
737,6,1,2009,126.505158,138.1,119.54,1195400000
738,7,1,2009,123.1155945,160.6,119.55,1195500000
739,8,1,2009,102.1938048,133.8,119.56,1195600000
740,9,1,2009,111.3559869,148.3,119.6,1196000000
741,10,1,2009,115.1982459,126.5,119.6,1196000000
742,11,1,2009,108.1088358,111.1,119.6,1196000000
743,12,1,2009,123.0334162,135.3,119.6,1196000000
744,13,1,2009,124.975516,113.7,119.61,1196100000
745,14,1,2009,135.3122526,99,119.58,1195800000
746,15,1,2009,142.235507,115.9,119.55,1195500000
747,16,1,2009,160.3095629,104.6,119.48,1194800000
748,17,1,2009,211.8752076,114.1,119.44,1194400000
749,18,1,2009,267.6371327,135.3,119.3,1193000000
750,19,1,2009,310.172641,169,119.13,1191300000
751,20,1,2009,353.5509983,159.4,118.92,1189200000
752,21,1,2009,308.0405755,171.5,118.7,1187000000
753,22,1,2009,330.4302741,140.8,118.5,1185000000
754,23,1,2009,301.6931352,161.3,118.25,1182500000
755,24,1,2009,300.79493,114.9,118.08,1180800000
756,25,1,2009,281.6402865,120.4,117.91,1179100000
757,26,1,2009,161.8227605,141.5,117.72,1177200000
758,27,1,2009,99.5592586,154,117.69,1176900000
759,28,1,2009,104.2130768,159,117.72,1177200000
760,29,1,2009,37.29480529,127.7,117.82,1178200000
761,30,1,2009,37.18849933,125.2,117.93,1179300000
762,31,1,2009,110.4756312,126.6,117.98,1179800000
763,1,2,2009,144.2815678,96.7,117.97,1179700000
764,2,2,2009,186.1644613,121,117.88,1178800000
765,3,2,2009,211.2358832,139.8,117.83,1178300000
766,4,2,2009,374.4556693,138.4,117.63,1176300000
767,5,2,2009,372.6886347,104.5,117.32,1173200000
768,6,2,2009,373.6657097,111.3,117.01,1170100000
769,7,2,2009,325.7999174,132.1,116.75,1167500000
770,8,2,2009,319.5675574,119.1,116.5,1165000000
771,9,2,2009,387.5219027,112.3,116.28,1162800000
772,10,2,2009,375.0596969,78.3,115.89,1158900000
773,11,2,2009,142.8493957,64.2,115.71,1157100000
774,12,2,2009,121.3102149,81.2,115.63,1156300000
775,13,2,2009,100.1817421,92.8,115.59,1155900000
776,14,2,2009,93.79948229,86.4,115.59,1155900000
777,15,2,2009,52.14100164,74,115.6,1156000000
778,16,2,2009,115.0985458,90,115.6,1156000000
779,17,2,2009,140.0398465,85,115.55,1155500000
780,18,2,2009,284.6028917,80.1,115.41,1154100000
781,19,2,2009,354.0823217,73,115.12,1151200000
782,20,2,2009,311.8690335,82,114.84,1148400000
783,21,2,2009,318.0980615,86,114.59,1145900000
784,22,2,2009,259.8475409,71.2,114.36,1143600000
785,23,2,2009,173.5388937,79,114.19,1141900000
786,24,2,2009,247.5223551,87,114.07,1140700000
787,25,2,2009,240.2676291,93.5,113.89,1138900000
788,26,2,2009,211.5331928,96.4,113.72,1137200000
789,27,2,2009,239.8405593,105.6,113.58,1135800000
790,28,2,2009,225.9451941,97.7,113.39,1133900000
791,1,3,2009,171.0781414,122.5,113.24,1132400000
792,2,3,2009,236.4105217,127.3,113.11,1131100000
793,3,3,2009,221.3977757,102.2,112.91,1129100000
794,4,3,2009,229.0824751,141.2,112.77,1127700000
795,5,3,2009,98.30342817,99.7,112.67,1126700000
796,6,3,2009,112.1245606,45.3,112.65,1126500000
797,7,3,2009,134.5044649,61.6,112.59,1125900000
798,8,3,2009,62.52048504,105.1,112.58,1125800000
799,9,3,2009,245.3251171,130.2,112.57,1125700000
800,10,3,2009,179.6215382,42.9,112.36,1123600000
801,11,3,2009,143.1775941,87.8,112.19,1121900000
802,12,3,2009,201.5148261,128.2,112.12,1121200000
803,13,3,2009,171.5861311,124.4,112.01,1120100000
804,14,3,2009,63.11777909,89,111.96,1119600000
805,15,3,2009,41.26046552,71.4,111.99,1119900000
806,16,3,2009,106.8052303,85.3,111.96,1119600000
807,17,3,2009,129.0152355,46.3,111.88,1118800000
808,18,3,2009,151.6551895,91.8,111.8,1118000000
809,19,3,2009,181.6298682,79,111.7,1117000000
810,20,3,2009,182.1253908,50.5,111.54,1115400000
811,21,3,2009,197.8612053,114.8,111.4,1114000000
812,22,3,2009,85.92552235,80,111.3,1113000000
813,23,3,2009,175.6310662,54.6,111.21,1112100000
814,24,3,2009,152.0421045,82.3,111.06,1110600000
815,25,3,2009,234.9835159,104.3,110.95,1109500000
816,26,3,2009,207.3319053,62,110.73,1107300000
817,27,3,2009,192.4778718,44,110.53,1105300000
818,28,3,2009,154.1719658,2.7,110.35,1103500000
819,29,3,2009,101.9098027,49.3,110.22,1102200000
820,30,3,2009,139.1902717,119.9,110.18,1101800000
821,31,3,2009,169.1467039,76,110.12,1101200000
822,1,4,2009,171.4888511,129.2,110,1100000000
823,2,4,2009,187.5672941,129.7,109.87,1098700000
824,3,4,2009,186.9264181,181.8,109.76,1097600000
825,4,4,2009,80.79316773,97.1,109.7,1097000000
826,5,4,2009,73.13450955,169,109.78,1097800000
827,6,4,2009,95.4789782,167.5,109.9,1099000000
828,7,4,2009,57.61553905,120.2,109.96,1099600000
829,8,4,2009,184.7467669,86.6,109.98,1099800000
830,9,4,2009,192.3039717,191,109.95,1099500000
831,10,4,2009,217.1641545,40.8,109.67,1096700000
832,11,4,2009,202.4865357,184.8,109.53,1095300000
833,12,4,2009,187.4212434,165,109.5,1095000000
834,13,4,2009,273.337076,97.4,109.36,1093600000
835,14,4,2009,209.6373824,164.4,109.21,1092100000
836,15,4,2009,292.2178449,153.3,109.04,1090400000
837,16,4,2009,267.1679486,124.2,108.79,1087900000
838,17,4,2009,238.2029243,129.2,108.55,1085500000
839,18,4,2009,285.8019232,115.1,108.32,1083200000
840,19,4,2009,303.9316053,128.9,108.03,1080300000
841,20,4,2009,313.3200246,130.9,107.73,1077300000
842,21,4,2009,313.731947,103.4,107.44,1074400000
843,22,4,2009,332.492357,104.3,107.13,1071300000
844,23,4,2009,302.3443895,112.9,106.78,1067800000
845,24,4,2009,328.3314339,123.7,106.44,1064400000
846,25,4,2009,316.1698518,102.4,106.1,1061000000
847,26,4,2009,208.4483023,99.7,105.86,1058600000
848,27,4,2009,300.7895855,84.4,105.62,1056200000
849,28,4,2009,277.836828,119.5,105.29,1052900000
850,29,4,2009,153.5302616,74.4,105.04,1050400000
851,30,4,2009,128.5800605,129.8,104.94,1049400000
852,1,5,2009,162.0175138,125.6,104.88,1048800000
853,2,5,2009,102.8814727,63.8,104.81,1048100000
854,3,5,2009,170.5086086,150.1,104.79,1047900000
855,4,5,2009,170.7102993,126.1,104.73,1047300000
856,5,5,2009,239.3684346,124.2,104.57,1045700000
857,6,5,2009,438.6618402,154.6,104.29,1042900000
858,7,5,2009,470.400701,191,103.78,1037800000
859,8,5,2009,481.5222747,399.8,103.5,1035000000
860,9,5,2009,474.1562345,425.3,103.36,1033600000
861,10,5,2009,474.845586,444.3,103.28,1032800000
862,11,5,2009,475.8834234,396.9,103.16,1031600000
863,12,5,2009,484.5923757,675.8,103.16,1031600000
864,13,5,2009,480.8260529,605.3,103.58,1035800000
865,14,5,2009,480.9999174,417.5,103.56,1035600000
866,15,5,2009,471.1639746,749.7,103.7,1037000000
867,16,5,2009,477.0521061,1701,104.98,1049800000
868,17,5,2009,444.4961836,1430,106.93,1069300000
869,18,5,2009,437.804915,929.2,107.8,1078000000
870,19,5,2009,441.9649035,669.2,108.3,1083000000
871,20,5,2009,429.1941544,1086.4,108.96,1089600000
872,21,5,2009,439.5513328,797.3,109.68,1096800000
873,22,5,2009,421.8004272,564.5,110,1100000000
874,23,5,2009,413.3613141,473.8,110.11,1101100000
875,24,5,2009,653.77434,417.6,109.95,1099500000
876,25,5,2009,642.2596492,373.3,109.57,1095700000
877,26,5,2009,654.6545556,412.5,109.17,1091700000
878,27,5,2009,651.3912749,362,108.75,1087500000
879,28,5,2009,656.9970261,333,108.26,1082600000
880,29,5,2009,662.9266275,332.4,107.75,1077500000
881,30,5,2009,677.2712421,318,107.23,1072300000
882,31,5,2009,676.288824,270.1,106.63,1066300000
883,1,6,2009,690.3792066,223.5,105.97,1059700000
884,2,6,2009,681.9247265,277.6,105.31,1053100000
885,3,6,2009,679.2678598,438.8,104.85,1048500000
886,4,6,2009,703.3625215,360.2,104.32,1043200000
887,5,6,2009,712.4473075,321,103.65,1036500000
888,6,6,2009,723.5293638,253.6,102.86,1028600000
889,7,6,2009,753.8950931,224,102.01,1020100000
890,8,6,2009,740.1619746,205.7,101.1,1011000000
891,9,6,2009,735.8797199,179.9,100.09,1000900000
892,10,6,2009,650.5577862,206.8,99.16,991600000
893,11,6,2009,380.5352871,206.3,98.5,985000000
894,12,6,2009,295.0294202,210.4,98.2,982000000
895,13,6,2009,115.0121247,332.8,98.25,982500000
896,14,6,2009,130.5943558,383.6,98.78,987800000
897,15,6,2009,248.6034624,419.1,99.21,992100000
898,16,6,2009,376.692325,614.6,99.67,996700000
899,17,6,2009,447.0203163,506.7,99.98,999800000
900,18,6,2009,539.5618473,497.9,99.91,999100000
901,19,6,2009,575.9435475,448.6,99.57,995700000
902,20,6,2009,391.040833,343.9,99.44,994400000
903,21,6,2009,345.7952064,457.7,99.37,993700000
904,22,6,2009,459.0520855,476.8,99.54,995400000
905,23,6,2009,518.1652602,541.9,99.5,995000000
906,24,6,2009,483.5016015,455.3,99.44,994400000
907,25,6,2009,541.052703,424.3,99.28,992800000
908,26,6,2009,477.8832111,666.4,99.32,993200000
909,27,6,2009,447.4462756,755.7,99.86,998600000
910,28,6,2009,664.7244316,840.6,100.22,1002200000
911,29,6,2009,639.9334442,983.3,100.64,1006400000
912,30,6,2009,564.257157,932,101.23,1012300000
913,1,7,2009,736.868181,1353.2,101.92,1019200000
914,2,7,2009,747.3495523,1378.9,103.04,1030400000
915,3,7,2009,711.7218341,987.5,103.69,1036900000
916,4,7,2009,869.6389594,3300,105.15,1051500000
917,5,7,2009,2015.756795,4056.5,109.73,1097300000
918,6,7,2009,2849.780263,2257.5,109.89,1098900000
919,7,7,2009,2462.729171,1710.9,108.57,1085700000
920,8,7,2009,1733.433202,1439.8,107.98,1079800000
921,9,7,2009,1452.199155,1193.2,107.47,1074700000
922,10,7,2009,1192.543318,1073.3,107.25,1072500000
923,11,7,2009,1072.830043,908.4,106.97,1069700000
924,12,7,2009,940.8701852,854.6,106.8,1068000000
925,13,7,2009,941.9228623,834.9,106.64,1066400000
926,14,7,2009,942.7176055,870.4,106.51,1065100000
927,15,7,2009,894.302661,725.1,106.28,1062800000
928,16,7,2009,783.3374237,633.4,106.04,1060400000
929,17,7,2009,762.0099728,574.1,105.76,1057600000
930,18,7,2009,698.2109125,554.6,105.46,1054600000
931,19,7,2009,689.6188914,499.1,105.14,1051400000
932,20,7,2009,692.61882,615.7,104.9,1049000000
933,21,7,2009,706.0125923,585.2,104.7,1047000000
934,22,7,2009,670.4710032,548.2,104.48,1044800000
935,23,7,2009,678.9572414,503.9,104.17,1041700000
936,24,7,2009,684.0735463,478.2,103.81,1038100000
937,25,7,2009,722.1096805,470.4,103.38,1033800000
938,26,7,2009,722.395833,1196.6,103.49,1034900000
939,27,7,2009,710.5088245,1004,104.23,1042300000
940,28,7,2009,706.4017412,1088.2,104.73,1047300000
941,29,7,2009,696.8203585,869.4,105.13,1051300000
942,30,7,2009,700.0725251,697.2,105.2,1052000000
943,31,7,2009,660.7261146,615.8,105.13,1051300000
944,1,8,2009,697.9728927,586.8,104.97,1049700000
945,2,8,2009,702.2081953,614.5,104.78,1047800000
946,3,8,2009,703.9271219,539.1,104.52,1045200000
947,4,8,2009,714.8867829,489.6,104.16,1041600000
948,5,8,2009,716.3442521,584.7,103.86,1038600000
949,6,8,2009,664.1532288,549.7,103.64,1036400000
950,7,8,2009,563.4465851,473,103.46,1034600000
951,8,8,2009,423.802857,398,103.35,1033500000
952,9,8,2009,425.9475769,326.4,103.14,1031400000
953,10,8,2009,462.248977,306.1,102.97,1029700000
954,11,8,2009,367.7948902,359.5,102.78,1027800000
955,12,8,2009,437.7865382,302.3,102.62,1026200000
956,13,8,2009,355.6382932,294.3,102.4,1024000000
957,14,8,2009,151.5319551,269.1,102.41,1024100000
958,15,8,2009,185.9854051,527.4,102.8,1028000000
959,16,8,2009,18.63496439,398.4,103.34,1033400000
960,17,8,2009,192.2689997,380.3,103.82,1038200000
961,18,8,2009,504.0002978,404.2,103.92,1039200000
962,19,8,2009,160.3598249,384.3,103.98,1039800000
963,20,8,2009,299.1730628,355.9,104.26,1042600000
964,21,8,2009,181.0472168,293.1,104.34,1043400000
965,22,8,2009,5.806475839,395.1,104.7,1047000000
966,23,8,2009,124.9409914,323.4,105.2,1052000000
967,24,8,2009,303.4162414,320.7,105.38,1053800000
968,25,8,2009,373.4754488,273.2,105.27,1052700000
969,26,8,2009,401.4187078,245.9,105.11,1051100000
970,27,8,2009,392.2379771,264.8,104.82,1048200000
971,28,8,2009,541.4176217,269.5,104.42,1044200000
972,29,8,2009,559.2948645,284.5,103.95,1039500000
973,30,8,2009,208.873287,264.6,103.6,1036000000
974,31,8,2009,172.0831768,332.8,103.85,1038500000
975,1,9,2009,24.82647007,323.3,104.18,1041800000
976,2,9,2009,3.5,294.6,104.66,1046600000
977,3,9,2009,30.02485344,293.7,105.1,1051000000
978,4,9,2009,183.0605518,314.6,105.42,1054200000
979,5,9,2009,292.82992,251.2,105.48,1054800000
980,6,9,2009,170.2614253,252.9,105.46,1054600000
981,7,9,2009,210.3765128,215,105.49,1054900000
982,8,9,2009,245.579237,204,105.45,1054500000
983,9,9,2009,269.3067709,205.4,105.37,1053700000
984,10,9,2009,249.0954872,194.9,105.27,1052700000
985,11,9,2009,203.9539068,211.5,105.19,1051900000
986,12,9,2009,52.81603236,147.6,105.18,1051800000
987,13,9,2009,113.8623999,152.1,105.28,1052800000
988,14,9,2009,211.8919259,169.1,105.37,1053700000
989,15,9,2009,206.9648921,153.5,105.31,1053100000
990,16,9,2009,29.91699756,147.7,105.29,1052900000
991,17,9,2009,249.7616201,249.4,105.44,1054400000
992,18,9,2009,280.2156963,232.2,105.39,1053900000
993,19,9,2009,326.9026162,227.8,105.32,1053200000
994,20,9,2009,194.741044,179.9,105.18,1051800000
995,21,9,2009,244.3926811,450.5,105.28,1052800000
996,22,9,2009,89.41722627,454.3,105.64,1056400000
997,23,9,2009,216.7873412,353.1,105.97,1059700000
998,24,9,2009,231.6968558,273.6,106.08,1060800000
999,25,9,2009,116.5450008,216.8,106.16,1061600000
1000,26,9,2009,56.41726109,192.8,106.31,1063100000
1001,27,9,2009,26.20710545,245.9,106.59,1065900000
1002,28,9,2009,195.2429784,233.2,106.81,1068100000
1003,29,9,2009,235.8329373,209.2,106.75,1067500000
1004,30,9,2009,71.15223464,180.5,106.75,1067500000
1005,1,10,2009,70.02525977,146.5,106.87,1068700000
1006,2,10,2009,103.1359454,156.7,106.98,1069800000
1007,3,10,2009,65.80390097,146.1,107.07,1070700000
1008,4,10,2009,46.82533196,138.1,107.2,1072000000
1009,5,10,2009,140.8184367,140.9,107.29,1072900000
1010,6,10,2009,94.2499975,151.3,107.3,1073000000
1011,7,10,2009,146.5830491,129.1,107.34,1073400000
1012,8,10,2009,129.1363329,134.9,107.32,1073200000
1013,9,10,2009,122.9196413,144.4,107.33,1073300000
1014,10,10,2009,83.95313742,126.7,107.35,1073500000
1015,11,10,2009,53.53228825,129.6,107.43,1074300000
1016,12,10,2009,210.0661503,141.6,107.47,1074700000
1017,13,10,2009,70.8211672,114.4,107.39,1073900000
1018,14,10,2009,59.27266197,135.6,107.47,1074700000
1019,15,10,2009,58.92102093,87.4,107.55,1075500000
1020,16,10,2009,63.52464926,124,107.63,1076300000
1021,17,10,2009,229.6424248,128.4,107.6,1076000000
1022,18,10,2009,185.0605239,131,107.54,1075400000
1023,19,10,2009,215.5093286,130.5,107.42,1074200000
1024,20,10,2009,259.4859053,183.7,107.21,1072100000
1025,21,10,2009,92.21434639,108.6,107.15,1071500000
1026,22,10,2009,162.0091805,115.5,107.13,1071300000
1027,23,10,2009,125.9299329,106.1,107.09,1070900000
1028,24,10,2009,107.4614238,104.1,107.05,1070500000
1029,25,10,2009,22.03773891,99.9,107.08,1070800000
1030,26,10,2009,44.50150196,112.1,107.2,1072000000
1031,27,10,2009,44.534748,115.6,107.29,1072900000
1032,28,10,2009,154.4117881,115.3,107.33,1073300000
1033,29,10,2009,35.20877213,103.3,107.31,1073100000
1034,30,10,2009,63.86633203,106.6,107.39,1073900000
1035,31,10,2009,32.62208948,70.3,107.45,1074500000
1036,1,11,2009,51.31523345,78.8,107.53,1075300000
1037,2,11,2009,78.82611172,93.9,107.57,1075700000
1038,3,11,2009,136.0192419,116.1,107.56,1075600000
1039,4,11,2009,151.4315345,110.8,107.51,1075100000
1040,5,11,2009,82.7303405,97.8,107.46,1074600000
1041,6,11,2009,28.24376462,83.9,107.47,1074700000
1042,7,11,2009,19.70226781,83.3,107.54,1075400000
1043,8,11,2009,27.3808291,85.7,107.64,1076400000
1044,9,11,2009,55.81363156,81.7,107.72,1077200000
1045,10,11,2009,107.4988481,92.3,107.75,1077500000
1046,11,11,2009,157.7432837,105.9,107.69,1076900000
1047,12,11,2009,141.3256364,107,107.63,1076300000
1048,13,11,2009,130.4890598,87,107.54,1075400000
1049,14,11,2009,89.26720857,75.3,107.49,1074900000
1050,15,11,2009,78.32956156,97.6,107.49,1074900000
1051,16,11,2009,174.2963059,105.3,107.46,1074600000
1052,17,11,2009,278.9977021,100,107.31,1073100000
1053,18,11,2009,222.1279914,79.3,107.05,1070500000
1054,19,11,2009,228.864266,94.9,106.83,1068300000
1055,20,11,2009,261.6858431,125,106.61,1066100000
1056,21,11,2009,205.1092149,60.5,106.39,1063900000
1057,22,11,2009,119.5937049,92.8,106.25,1062500000
1058,23,11,2009,218.6168199,66.3,106.14,1061400000
1059,24,11,2009,245.3197634,96.6,105.93,1059300000
1060,25,11,2009,258.2072803,91.2,105.68,1056800000
1061,26,11,2009,218.1656424,98.9,105.47,1054700000
1062,27,11,2009,262.8005229,92.8,105.24,1052400000
1063,28,11,2009,196.7393401,103.1,105.02,1050200000
1064,29,11,2009,160.5541651,95.1,104.86,1048600000
1065,30,11,2009,222.8182893,123.5,104.73,1047300000
1066,1,12,2009,213.3984558,99.2,104.52,1045200000
1067,2,12,2009,304.7145905,116.2,104.29,1042900000
1068,3,12,2009,317.9783573,121.9,103.96,1039600000
1069,4,12,2009,328.0899293,50.8,103.6,1036000000
1070,5,12,2009,405.7714549,109.7,103.17,1031700000
1071,6,12,2009,214.6835874,92.2,102.72,1027200000
1072,7,12,2009,164.9368791,57,102.5,1025000000
1073,8,12,2009,47.36626211,55.9,102.42,1024200000
1074,9,12,2009,62.12471166,141.1,102.46,1024600000
1075,10,12,2009,32.93918609,58.3,102.49,1024900000
1076,11,12,2009,23.61159924,87.4,102.55,1025500000
1077,12,12,2009,4.3,52.8,102.63,1026300000
1078,13,12,2009,11.79544368,59.5,102.78,1027800000
1079,14,12,2009,22.66427499,63.8,102.8,1028000000
1080,15,12,2009,25.190638,75.4,102.87,1028700000
1081,16,12,2009,48.74535648,67.1,102.92,1029200000
1082,17,12,2009,24.28080622,63.8,102.93,1029300000
1083,18,12,2009,20.92430942,81.4,103.03,1030300000
1084,19,12,2009,28.47328903,68.2,103.09,1030900000
1085,20,12,2009,4.3,71,103.16,1031600000
1086,21,12,2009,50.14589298,76.4,103.22,1032200000
1087,22,12,2009,35.02794437,55.7,103.25,1032500000
1088,23,12,2009,28.34602666,79.7,103.3,1033000000
1089,24,12,2009,24.16529903,58.9,103.38,1033800000
1090,25,12,2009,10.8905938,48.8,103.41,1034100000
1091,26,12,2009,4.3,64.9,103.5,1035000000
1092,27,12,2009,11.68865296,59.4,103.6,1036000000
1093,28,12,2009,36.44595925,51.8,103.66,1036600000
1094,29,12,2009,27.38317701,64.3,103.68,1036800000
1095,30,12,2009,26.50453924,63.7,103.74,1037400000
1096,31,12,2009,4.3,52.8,103.8,1038000000
1097,1,1,2010,4.2,46.7,103.88,1038800000
1098,2,1,2010,4.2,58.8,103.96,1039600000
1099,3,1,2010,4.2,58.8,104.05,1040500000
1100,4,1,2010,4.2,58.8,104.13,1041300000
1101,5,1,2010,4.2,52.7,104.22,1042200000
1102,6,1,2010,4.2,52.7,104.31,1043100000
1103,7,1,2010,4.2,52.7,104.38,1043800000
1104,8,1,2010,4.2,52.7,104.46,1044600000
1105,9,1,2010,4.2,52.7,104.54,1045400000
1106,10,1,2010,4.2,58.8,104.62,1046200000
1107,11,1,2010,13.06574926,50.5,104.71,1047100000
1108,12,1,2010,7.418966962,39.5,104.76,1047600000
1109,13,1,2010,4.2,46.7,104.81,1048100000
1110,14,1,2010,17.06272317,52,104.88,1048800000
1111,15,1,2010,21.91035114,54.5,104.94,1049400000
1112,16,1,2010,13.01761732,34.5,104.99,1049900000
1113,17,1,2010,4.2,59.6,105.05,1050500000
1114,18,1,2010,16.99740017,53.1,105.12,1051200000
1115,19,1,2010,17.80645103,56.6,105.17,1051700000
1116,20,1,2010,4.2,52.6,105.24,1052400000
1117,21,1,2010,16.98009256,44.7,105.29,1052900000
1118,22,1,2010,12.95670646,173.2,105.44,1054400000
1119,23,1,2010,151.1710644,257.6,105.7,1057000000
1120,24,1,2010,347.660263,126.8,105.65,1056500000
1121,25,1,2010,329.979573,107.7,105.33,1053300000
1122,26,1,2010,326.6177366,135.7,104.98,1049800000
1123,27,1,2010,373.2329649,181.1,104.67,1046700000
1124,28,1,2010,423.7112717,155.5,104.19,1041900000
1125,29,1,2010,396.1985179,130.3,103.67,1036700000
1126,30,1,2010,393.0817163,111.7,103.2,1032000000
1127,31,1,2010,419.9441192,125.3,102.68,1026800000
1128,1,2,2010,407.4378196,102,102.15,1021500000
1129,2,2,2010,229.7724554,93.4,101.66,1016600000
1130,3,2,2010,48.02767782,60.4,101.58,1015800000
1131,4,2,2010,60.77116933,79.1,101.6,1016000000
1132,5,2,2010,62.93262374,67.9,101.6,1016000000
1133,6,2,2010,346.33274,74.2,101.47,1014700000
1134,7,2,2010,503.2740972,92.8,100.82,1008200000
1135,8,2,2010,420.8017438,68,100.19,1001900000
1136,9,2,2010,324.9201506,96.2,99.64,996400000
1137,10,2,2010,277.4577234,86.6,99.12,991200000
1138,11,2,2010,4.5,40.6,98.96,989600000
1139,12,2,2010,4.5,45.8,99.04,990400000
1140,13,2,2010,45.72779318,53.5,99.13,991300000
1141,14,2,2010,9.808324331,54.8,99.13,991300000
1142,15,2,2010,4.5,50.6,99.21,992100000
1143,16,2,2010,4.5,45.8,99.28,992800000
1144,17,2,2010,4.5,47.5,99.35,993500000
1145,18,2,2010,4.5,50.6,99.42,994200000
1146,19,2,2010,4.5,51,99.49,994900000
1147,20,2,2010,4.5,55.6,99.57,995700000
1148,21,2,2010,4.5,52.8,99.65,996500000
1149,22,2,2010,4.5,50.6,99.72,997200000
1150,23,2,2010,18.42179668,55.6,99.79,997900000
1151,24,2,2010,431.0569829,61.8,99.67,996700000
1152,25,2,2010,554.5446863,65.4,98.82,988200000
1153,26,2,2010,4.5,56.3,98.38,983800000
1154,27,2,2010,4.5,51,98.48,984800000
1155,28,2,2010,4.5,45.6,98.56,985600000
1156,1,3,2010,5.2,25.8,98.61,986100000
1157,2,3,2010,122.5180458,64,98.66,986600000
1158,3,3,2010,290.5543211,109.5,98.44,984400000
1159,4,3,2010,183.8484049,60.8,98,980000000
1160,5,3,2010,51.09871913,31.6,97.85,978500000
1161,6,3,2010,64.28939699,67,97.84,978400000
1162,7,3,2010,5.2,42.9,97.83,978300000
1163,8,3,2010,26.35958231,32.5,97.89,978900000
1164,9,3,2010,44.06356877,33.5,97.89,978900000
1165,10,3,2010,45.53482748,58.1,97.89,978900000
1166,11,3,2010,28.69001785,54.9,97.91,979100000
1167,12,3,2010,53.62314796,56.4,97.91,979100000
1168,13,3,2010,15.53757563,30,97.9,979000000
1169,14,3,2010,5.2,46.5,97.94,979400000
1170,15,3,2010,26.86800054,43.5,98.01,980100000
1171,16,3,2010,34.68287473,53.3,98.04,980400000
1172,17,3,2010,44.96480259,52.5,98.08,980800000
1173,18,3,2010,59.38547722,48.7,98.06,980600000
1174,19,3,2010,32.72267445,47.2,98.06,980600000
1175,20,3,2010,58.87859872,41.3,98,980000000
1176,21,3,2010,9.838739509,46.2,97.98,979800000
1177,22,3,2010,87.56245728,48.8,98,980000000
1178,23,3,2010,25.6511423,55.1,97.95,979500000
1179,24,3,2010,262.625425,48.5,97.85,978500000
1180,25,3,2010,320.4456743,76.4,97.44,974400000
1181,26,3,2010,228.6546119,99.4,96.96,969600000
1182,27,3,2010,21.35455914,30.2,96.79,967900000
1183,28,3,2010,5.2,46.5,96.84,968400000
1184,29,3,2010,44.97637614,49.5,96.91,969100000
1185,30,3,2010,5.2,34.4,96.91,969100000
1186,31,3,2010,12.52993607,53.3,96.98,969800000
1187,1,4,2010,12.94178806,25.5,97.04,970400000
1188,2,4,2010,5.5,52,97.09,970900000
1189,3,4,2010,5.5,46.8,97.17,971700000
1190,4,4,2010,5.5,41.6,97.25,972500000
1191,5,4,2010,28.90083575,50.3,97.31,973100000
1192,6,4,2010,28.4886152,45.2,97.36,973600000
1193,7,4,2010,5.5,52,97.41,974100000
1194,8,4,2010,5.5,41.6,97.49,974900000
1195,9,4,2010,5.5,36.5,97.55,975500000
1196,10,4,2010,5.5,41.6,97.61,976100000
1197,11,4,2010,5.5,36.5,97.68,976800000
1198,12,4,2010,22.43766063,38,97.72,977200000
1199,13,4,2010,16.93911553,31.3,97.76,977600000
1200,14,4,2010,49.84209586,36.5,97.78,977800000
1201,15,4,2010,29.8149049,91,97.8,978000000
1202,16,4,2010,80.02122419,70.9,97.86,978600000
1203,17,4,2010,50.88895445,51.1,97.85,978500000
1204,18,4,2010,49.65922555,59.9,97.88,978800000
1205,19,4,2010,105.9676862,58.4,97.83,978300000
1206,20,4,2010,81.95092988,70.3,97.79,977900000
1207,21,4,2010,188.7860421,105,97.71,977100000
1208,22,4,2010,188.6851826,61.4,97.45,974500000
1209,23,4,2010,100.8371788,85.1,97.28,972800000
1210,24,4,2010,55.7408816,51.6,97.25,972500000
1211,25,4,2010,64.11881562,63.7,97.25,972500000
1212,26,4,2010,127.105494,55,97.2,972000000
1213,27,4,2010,157.6548757,60.8,97.05,970500000
1214,28,4,2010,174.1990139,67.7,96.82,968200000
1215,29,4,2010,161.0337434,81.5,96.62,966200000
1216,30,4,2010,66.46300573,46.1,96.46,964600000
1217,1,5,2010,5.6,63.4,96.48,964800000
1218,2,5,2010,254.0556406,93.7,96.48,964800000
1219,3,5,2010,266.8209719,102.1,96.16,961600000
1220,4,5,2010,151.8841567,94.7,95.89,958900000
1221,5,5,2010,215.8812665,95.8,95.75,957500000
1222,6,5,2010,233.9556469,71.6,95.46,954600000
1223,7,5,2010,251.2730225,79.7,95.1,951000000
1224,8,5,2010,177.0124541,80.1,94.75,947500000
1225,9,5,2010,91.1518563,32.6,94.47,944700000
1226,10,5,2010,5.6,70.9,94.45,944500000
1227,11,5,2010,36.46410488,71.2,94.59,945900000
1228,12,5,2010,55.70544729,141.9,94.71,947100000
1229,13,5,2010,66.83566532,98.6,94.89,948900000
1230,14,5,2010,70.70585635,81.3,94.94,949400000
1231,15,5,2010,69.5124451,74.5,94.98,949800000
1232,16,5,2010,28.75937647,97.3,95,950000000
1233,17,5,2010,236.4213701,120.3,95.02,950200000
1234,18,5,2010,242.0958037,107.3,94.67,946700000
1235,19,5,2010,215.4303658,135.3,94.42,944200000
1236,20,5,2010,270.8272909,107.1,94.09,940900000
1237,21,5,2010,236.5432188,123,93.74,937400000
1238,22,5,2010,208.2955743,64.5,93.38,933800000
1239,23,5,2010,149.0068681,92.1,93.13,931300000
1240,24,5,2010,167.695021,106.1,92.97,929700000
1241,25,5,2010,174.9935192,68,92.78,927800000
1242,26,5,2010,266.4093391,117.8,92.52,925200000
1243,27,5,2010,379.0257755,233.4,92.24,922400000
1244,28,5,2010,204.5988799,171.3,91.89,918900000
1245,29,5,2010,159.277894,267.3,91.97,919700000
1246,30,5,2010,106.5073057,265.7,92.25,922500000
1247,31,5,2010,190.637052,243.9,92.53,925300000
1248,1,6,2010,204.9911478,214.8,92.59,925900000
1249,2,6,2010,283.6817145,286.3,92.61,926100000
1250,3,6,2010,272.1197628,229,92.5,925000000
1251,4,6,2010,239.5953946,161.8,92.36,923600000
1252,5,6,2010,295.6569763,151.7,92.11,921100000
1253,6,6,2010,259.3866261,156.5,91.73,917300000
1254,7,6,2010,270.9045535,130.6,91.47,914700000
1255,8,6,2010,248.631672,106.5,91.12,911200000
1256,9,6,2010,201.6867978,111.4,90.86,908600000
1257,10,6,2010,186.384771,224.9,90.78,907800000
1258,11,6,2010,196.9548476,664.1,91.29,912900000
1259,12,6,2010,170.6027703,472.3,92.23,922300000
1260,13,6,2010,201.2392173,388,92.81,928100000
1261,14,6,2010,355.0962992,265,92.88,928800000
1262,15,6,2010,453.327122,250.6,92.47,924700000
1263,16,6,2010,399.048672,663.5,92.69,926900000
1264,17,6,2010,536.8988479,446.9,92.73,927300000
1265,18,6,2010,538.4941271,319.8,92.33,923300000
1266,19,6,2010,569.1171034,277.8,91.68,916800000
1267,20,6,2010,549.57204,226.2,90.83,908300000
1268,21,6,2010,358.8045844,288.8,90.55,905500000
1269,22,6,2010,270.5722383,276.5,90.42,904200000
1270,23,6,2010,142.8060167,269.5,90.53,905300000
1271,24,6,2010,192.9768185,307.8,90.87,908700000
1272,25,6,2010,215.9623994,350.5,91.1,911000000
1273,26,6,2010,337.8591959,1298.1,92.72,927200000
1274,27,6,2010,496.4266342,883,94.34,943400000
1275,28,6,2010,459.0832072,629.3,94.81,948100000
1276,29,6,2010,621.8104163,1181.3,95.41,954100000
1277,30,6,2010,616.7522392,1545.4,97.15,971500000
1278,1,7,2010,722.5357572,1196.3,98.38,983800000
1279,2,7,2010,730.1306742,967.5,99,990000000
1280,3,7,2010,727.7171072,737.7,99.16,991600000
1281,4,7,2010,721.7960089,610.4,98.97,989700000
1282,5,7,2010,724.3265717,530.8,98.63,986300000
1283,6,7,2010,720.1943094,437.1,98.1,981000000
1284,7,7,2010,713.4028078,403.3,97.49,974900000
1285,8,7,2010,706.6870126,365,96.78,967800000
1286,9,7,2010,688.8015401,330.6,96.06,960600000
1287,10,7,2010,682.0182933,445.3,95.43,954300000
1288,11,7,2010,628.0194975,470.6,95.07,950700000
1289,12,7,2010,643.9004868,438.7,94.59,945900000
1290,13,7,2010,653.6497115,460.8,94.07,940700000
1291,14,7,2010,647.0913678,477.1,93.66,936600000
1292,15,7,2010,475.2565453,379,93.38,933800000
1293,16,7,2010,532.7770724,348.7,92.99,929900000
1294,17,7,2010,445.8851793,278.2,92.39,923900000
1295,18,7,2010,145.7072735,238.2,92.35,923500000
1296,19,7,2010,291.0860136,452.1,92.66,926600000
1297,20,7,2010,313.59809,760.5,93.32,933200000
1298,21,7,2010,483.6944152,1007.9,94.62,946200000
1299,22,7,2010,694.5145398,1739.6,96.2,962000000
1300,23,7,2010,715.4748729,1152.6,97.52,975200000
1301,24,7,2010,728.9687027,2219,99.14,991400000
1302,25,7,2010,737.7822633,3040,102.49,1024900000
1303,26,7,2010,700.0415901,1962.5,105.53,1055300000
1304,27,7,2010,684.099004,1334.1,106.79,1067900000
1305,28,7,2010,676.6387545,1206.5,107.59,1075900000
1306,29,7,2010,979.3043041,1532.6,108.51,1085100000
1307,30,7,2010,1020.895446,1092.2,108.69,1086900000
1308,31,7,2010,662.7540496,926.7,108.99,1089900000
1309,1,8,2010,653.8919671,1067.1,109.42,1094200000
1310,2,8,2010,646.6171973,1034.3,110.01,1100100000
1311,3,8,2010,644.8302581,883.6,110.4,1104000000
1312,4,8,2010,639.7782038,857,110.67,1106700000
1313,5,8,2010,639.6977495,854.1,110.92,1109200000
1314,6,8,2010,633.9990483,710.2,111.1,1111000000
1315,7,8,2010,640.0417548,623.4,111.1,1111000000
1316,8,8,2010,629.2164823,568.7,111.04,1110400000
1317,9,8,2010,635.8458455,562,110.93,1109300000
1318,10,8,2010,636.567418,547.5,110.81,1108100000
1319,11,8,2010,611.2713194,482.2,110.65,1106500000
1320,12,8,2010,453.7125302,477.3,110.63,1106300000
1321,13,8,2010,634.861928,503.7,110.49,1104900000
1322,14,8,2010,625.2939537,494,110.3,1103000000
1323,15,8,2010,642.5549726,444.3,110.06,1100600000
1324,16,8,2010,640.6681685,467.9,109.76,1097600000
1325,17,8,2010,649.3978729,567.1,109.56,1095600000
1326,18,8,2010,647.4020982,654.6,109.48,1094800000
1327,19,8,2010,645.0302062,681.6,109.54,1095400000
1328,20,8,2010,642.5875843,580.7,109.49,1094900000
1329,21,8,2010,642.7861152,513.3,109.33,1093300000
1330,22,8,2010,646.7464083,470,109.07,1090700000
1331,23,8,2010,599.520962,428.6,108.82,1088200000
1332,24,8,2010,594.7674905,401.2,108.55,1085500000
1333,25,8,2010,589.6302385,432,108.26,1082600000
1334,26,8,2010,617.5700854,474.4,108.03,1080300000
1335,27,8,2010,666.0698197,477.8,107.74,1077400000
1336,28,8,2010,647.8913597,446.5,107.44,1074400000
1337,29,8,2010,646.3579234,364.3,107.08,1070800000
1338,30,8,2010,676.8176412,356,106.64,1066400000
1339,31,8,2010,685.4881637,339,106.12,1061200000
1340,1,9,2010,626.2737433,309.4,105.61,1056100000
1341,2,9,2010,532.4676217,262.3,105.19,1051900000
1342,3,9,2010,527.3472473,298.7,104.8,1048000000
1343,4,9,2010,547.023093,285.8,104.34,1043400000
1344,5,9,2010,597.9229351,280.9,103.8,1038000000
1345,6,9,2010,442.9441435,225.5,103.29,1032900000
1346,7,9,2010,396.6298008,238.2,102.98,1029800000
1347,8,9,2010,478.2146413,383.9,102.73,1027300000
1348,9,9,2010,387.5012675,367.9,102.66,1026600000
1349,10,9,2010,416.8768246,296.4,102.5,1025000000
1350,11,9,2010,442.8089201,489.7,102.38,1023800000
1351,12,9,2010,212.8234235,746.7,102.85,1028500000
1352,13,9,2010,312.6205246,605.3,103.54,1035400000
1353,14,9,2010,296.3018494,525.6,103.89,1038900000
1354,15,9,2010,350.3536754,563.4,104.27,1042700000
1355,16,9,2010,456.7816395,482.4,104.44,1044400000
1356,17,9,2010,469.5321264,489.3,104.46,1044600000
1357,18,9,2010,467.1923796,401.2,104.35,1043500000
1358,19,9,2010,390.1963985,339,104.26,1042600000
1359,20,9,2010,514.0186422,332,104.04,1040400000
1360,21,9,2010,501.7757372,356.8,103.75,1037500000
1361,22,9,2010,430.4102361,390.4,103.5,1035000000
1362,23,9,2010,449.1341913,356,103.4,1034000000
1363,24,9,2010,533.7049697,321,103.11,1031100000
1364,25,9,2010,491.703226,329.5,102.77,1027700000
1365,26,9,2010,486.537349,339.7,102.44,1024400000
1366,27,9,2010,490.2587203,469.7,102.32,1023200000
1367,28,9,2010,621.2973878,615.8,102.26,1022600000
1368,29,9,2010,590.2906035,616.1,102.28,1022800000
1369,30,9,2010,636.8313779,661.9,102.24,1022400000
1370,1,10,2010,569.1682446,688.1,102.37,1023700000
1371,2,10,2010,528.3781631,625.2,102.54,1025400000
1372,3,10,2010,410.5068847,521.5,102.62,1026200000
1373,4,10,2010,382.7201368,467.4,102.7,1027000000
1374,5,10,2010,407.8747809,380.9,102.73,1027300000
1375,6,10,2010,320.8970602,353.5,102.64,1026400000
1376,7,10,2010,330.1439621,271.1,102.62,1026200000
1377,8,10,2010,339.1642528,288.5,102.55,1025500000
1378,9,10,2010,307.8136628,275.9,102.45,1024500000
1379,10,10,2010,184.9516906,269.2,102.43,1024300000
1380,11,10,2010,274.9307964,285.8,102.49,1024900000
1381,12,10,2010,235.5804121,364.4,102.62,1026200000
1382,13,10,2010,247.9391901,307.1,102.76,1027600000
1383,14,10,2010,273.2051059,336.1,102.87,1028700000
1384,15,10,2010,283.3434237,307.8,102.95,1029500000
1385,16,10,2010,254.4223193,274.1,102.95,1029500000
1386,17,10,2010,4.1,232.1,103.06,1030600000
1387,18,10,2010,202.4295797,240.4,103.32,1033200000
1388,19,10,2010,266.4306156,253.1,103.37,1033700000
1389,20,10,2010,308.7674688,220.8,103.24,1032400000
1390,21,10,2010,276.2019295,209.1,103.1,1031000000
1391,22,10,2010,278.0692999,206.6,102.97,1029700000
1392,23,10,2010,277.3784096,201,102.83,1028300000
1393,24,10,2010,9.832667963,174.9,102.8,1028000000
1394,25,10,2010,304.3203959,196.4,102.91,1029100000
1395,26,10,2010,282.895248,186.2,102.69,1026900000
1396,27,10,2010,253.0284745,180.7,102.54,1025400000
1397,28,10,2010,277.4042672,171,102.4,1024000000
1398,29,10,2010,337.5959397,160,102.18,1021800000
1399,30,10,2010,241.6271244,181,101.88,1018800000
1400,31,10,2010,4.1,150,101.89,1018900000
1401,1,11,2010,277.8130256,167.6,101.95,1019500000
1402,2,11,2010,171.1839134,134.4,101.79,1017900000
1403,3,11,2010,167.6261783,157.7,101.77,1017700000
1404,4,11,2010,142.9573687,146,101.72,1017200000
1405,5,11,2010,193.1799213,137.7,101.68,1016800000
1406,6,11,2010,127.8016524,129.2,101.59,1015900000
1407,7,11,2010,4.3,112.4,101.65,1016500000
1408,8,11,2010,148.3021345,151.9,101.78,1017800000
1409,9,11,2010,133.6806007,118.5,101.76,1017600000
1410,10,11,2010,69.77146844,123.9,101.75,1017500000
1411,11,11,2010,24.24764074,114.8,101.84,1018400000
1412,12,11,2010,15.00395688,111.7,101.98,1019800000
1413,13,11,2010,4.3,101.3,101.14,1011400000
1414,14,11,2010,4.3,91.3,102.3,1023000000
1415,15,11,2010,59.88282736,93.7,102.44,1024400000
1416,16,11,2010,4.3,102.3,102.55,1025500000
1417,17,11,2010,13.03663852,107.7,102.72,1027200000
1418,18,11,2010,21.43876332,100.2,102.86,1028600000
1419,19,11,2010,36.10615153,96.4,102.96,1029600000
1420,20,11,2010,27.6318056,93,103.07,1030700000
1421,21,11,2010,4.3,97.1,103.18,1031800000
1422,22,11,2010,39.44845471,95.5,103.32,1033200000
1423,23,11,2010,16.27863606,90.3,103.44,1034400000
1424,24,11,2010,22.22158468,87.1,103.47,1034700000
1425,25,11,2010,17.4135026,93,103.7,1037000000
1426,26,11,2010,19.73473209,96.7,103.8,1038000000
1427,27,11,2010,4.3,98.3,103.94,1039400000
1428,28,11,2010,4.3,97.2,104.09,1040900000
1429,29,11,2010,24.24412702,95.7,104.24,1042400000
1430,30,11,2010,19.37828267,98.9,104.35,1043500000
1431,1,12,2010,23.40562177,90.9,104.46,1044600000
1432,2,12,2010,27.89493738,96.9,104.58,1045800000
1433,3,12,2010,34.88446046,100.8,104.7,1047000000
1434,4,12,2010,45.03214301,76.4,104.77,1047700000
1435,5,12,2010,4.3,94.4,104.85,1048500000
1436,6,12,2010,61.96234005,95.3,105,1050000000
1437,7,12,2010,44.25051997,81.5,105.04,1050400000
1438,8,12,2010,22.38857607,73.4,105.08,1050800000
1439,9,12,2010,10.85312093,86.2,105.17,1051700000
1440,10,12,2010,24.14157627,79.4,105.27,1052700000
1441,11,12,2010,4.3,86.2,105.36,1053600000
1442,12,12,2010,4.3,115,105.52,1055200000
1443,13,12,2010,8.674961841,177.3,105.77,1057700000
1444,14,12,2010,24.74983028,207.8,106.05,1060500000
1445,15,12,2010,15.70055248,459.5,106.68,1066800000
1446,16,12,2010,25.69927578,472.5,107.34,1073400000
1447,17,12,2010,51.11561503,296.5,107.73,1077300000
1448,18,12,2010,37.73313599,210.6,107.96,1079600000
1449,19,12,2010,31.42944803,183.4,108.17,1081700000
1450,20,12,2010,4.3,149.9,108.34,1083400000
1451,21,12,2010,111.6657291,142.7,108.54,1085400000
1452,22,12,2010,116.7681134,129,108.57,1085700000
1453,23,12,2010,73.12827247,138.5,108.6,1086000000
1454,24,12,2010,122.2008278,117.1,108.66,1086600000
1455,25,12,2010,111.1785072,132.2,108.67,1086700000
1456,26,12,2010,51.80410203,127.6,108.69,1086900000
1457,27,12,2010,134.3814562,108.1,108.77,1087700000
1458,28,12,2010,125.5461946,115.9,108.74,1087400000
1459,29,12,2010,121.0685508,113.3,108.72,1087200000
1460,30,12,2010,116.3348056,104.6,108.7,1087000000
1461,31,12,2010,101.9068893,98.1,108.68,1086800000
1462,1,1,2011,4.2,131.8,108.72,1087200000
1463,2,1,2011,4.2,73.4,108.82,1088200000
1464,3,1,2011,117.4813447,94.2,108.95,1089500000
1465,4,1,2011,108.0046024,93.2,108.91,1089100000
1466,5,1,2011,4.2,109.5,108.91,1089100000
1467,6,1,2011,134.6843941,122.1,109.04,1090400000
1468,7,1,2011,141.4353393,95.3,109.02,1090200000
1469,8,1,2011,4.2,80.3,108.95,1089500000
1470,9,1,2011,25.56250908,88.6,109.06,1090600000
1471,10,1,2011,119.2368532,88.6,109.15,1091500000
1472,11,1,2011,9.251696702,148.8,109.18,1091800000
1473,12,1,2011,20.76616407,58.2,109.25,1092500000
1474,13,1,2011,16.12542141,98.7,109.36,1093600000
1475,14,1,2011,42.32269683,93.2,109.47,1094700000
1476,15,1,2011,4.2,98.1,109.55,1095500000
1477,16,1,2011,4.2,80.3,109.66,1096600000
1478,17,1,2011,4.2,73.4,109.76,1097600000
1479,18,1,2011,4.2,94.2,109.89,1098900000
1480,19,1,2011,4.2,66.5,109.98,1099800000
1481,20,1,2011,4.2,65.4,110.06,1100600000
1482,21,1,2011,4.2,83.1,110.16,1101600000
1483,22,1,2011,4.2,83.1,110.26,1102600000
1484,23,1,2011,4.2,75.2,110.35,1103500000
1485,24,1,2011,383.5180846,83.1,110.45,1104500000
1486,25,1,2011,548.388392,75.4,110,1100000000
1487,26,1,2011,562.2401434,75.3,109.39,1093900000
1488,27,1,2011,514.2101988,83.8,108.86,1088600000
1489,28,1,2011,484.8777039,80.4,108.28,1082800000
1490,29,1,2011,621.115511,77.6,107.72,1077200000
1491,30,1,2011,670.2488847,76.5,107,1070000000
1492,31,1,2011,664.6715295,76.3,106.25,1062500000
1493,1,2,2011,186.2628259,86.7,105.55,1055500000
1494,2,2,2011,30.14374503,80.7,105.56,1055600000
1495,3,2,2011,6.974132723,78.3,105.63,1056300000
1496,4,2,2011,4.5,80.6,105.74,1057400000
1497,5,2,2011,4.5,80.6,105.85,1058500000
1498,6,2,2011,4.5,80.6,105.95,1059500000
1499,7,2,2011,4.5,79.1,106.01,1060100000
1500,8,2,2011,10.85662157,82.2,106.18,1061800000
1501,9,2,2011,7.818705198,66.8,106.27,1062700000
1502,10,2,2011,75.29441226,73.7,106.37,1063700000
1503,11,2,2011,471.8117799,75.8,106.34,1063400000
1504,12,2,2011,651.0306406,72.3,105.59,1055900000
1505,13,2,2011,663.8570727,70.6,104.8,1048000000
1506,14,2,2011,680.9642175,77.9,103.95,1039500000
1507,15,2,2011,705.8771374,72.5,102.72,1027200000
1508,16,2,2011,709.0735657,75.6,102.18,1021800000
1509,17,2,2011,675.212086,77.1,101.26,1012600000
1510,18,2,2011,482.9121908,80.5,100.5,1005000000
1511,19,2,2011,276.3912447,79.7,99.9,999000000
1512,20,2,2011,4.5,75.4,99.59,995900000
1513,21,2,2011,85.40100312,71,99.68,996800000
1514,22,2,2011,140.6228787,75.3,99.64,996400000
1515,23,2,2011,52.78500112,76.3,99.54,995400000
1516,24,2,2011,232.9712962,72.8,99.56,995600000
1517,25,2,2011,280.2275617,76,99.37,993700000
1518,26,2,2011,261.855273,83,98.86,988600000
1519,27,2,2011,4.5,79.6,98.57,985700000
1520,28,2,2011,182.0273765,76.4,98.69,986900000
1521,1,3,2011,141.5983487,71.1,98.6,986000000
1522,2,3,2011,143.4783477,78.7,98.45,984500000
1523,3,3,2011,43.80869315,84.6,98.33,983300000
1524,4,3,2011,58.55608583,79.2,98.4,984000000
1525,5,3,2011,90.22579653,74,98.41,984100000
1526,6,3,2011,5.2,70.9,98.38,983800000
1527,7,3,2011,134.8461317,74.6,98.45,984500000
1528,8,3,2011,126.5976163,75.3,98.33,983300000
1529,9,3,2011,57.77024943,94.3,98.26,982600000
1530,10,3,2011,77.34226706,64.2,98.27,982700000
1531,11,3,2011,81.36752867,77.3,98.27,982700000
1532,12,3,2011,108.4343255,61.3,98.23,982300000
1533,13,3,2011,5.2,73.7,98.16,981600000
1534,14,3,2011,179.3195543,77.1,98.28,982800000
1535,15,3,2011,160.1475407,86.9,98.11,981100000
1536,16,3,2011,166.8156759,107,98,980000000
1537,17,3,2011,41.01402612,227.3,98.11,981100000
1538,18,3,2011,83.86134567,448.2,98.9,989000000
1539,19,3,2011,140.109373,523,99.75,997500000
1540,20,3,2011,67.51479691,488.1,100.33,1003300000
1541,21,3,2011,215.9558546,366.6,100.82,1008200000
1542,22,3,2011,159.5622152,274.3,100.91,1009100000
1543,23,3,2011,300.0544644,262.1,101.01,1010100000
1544,24,3,2011,232.3125391,187.5,100.8,1008000000
1545,25,3,2011,208.5798979,146.5,100.67,1006700000
1546,26,3,2011,165.1818234,157.8,100.58,1005800000
1547,27,3,2011,13.9595456,148.2,100.58,1005800000
1548,28,3,2011,81.11925241,138.9,100.77,1007700000
1549,29,3,2011,226.0411257,119,100.83,1008300000
1550,30,3,2011,186.8547189,123,100.65,1006500000
1551,31,3,2011,172.5452682,119.2,100.53,1005300000
1552,1,4,2011,178.4847131,128.3,100.45,1004500000
1553,2,4,2011,58.76904059,108.9,100.33,1003300000
1554,3,4,2011,5.5,107.8,100.41,1004100000
1555,4,4,2011,256.4457758,84.3,100.54,1005400000
1556,5,4,2011,224.0300447,116.5,100.32,1003200000
1557,6,4,2011,207.0347061,127,100.15,1001500000
1558,7,4,2011,114.8343795,116.3,99.99,999900000
1559,8,4,2011,182.063053,126.6,100.01,1000100000
1560,9,4,2011,181.2309869,140.3,99.92,999200000
1561,10,4,2011,97.85401124,159.8,99.87,998700000
1562,11,4,2011,161.5294583,136.1,99.94,999400000
1563,12,4,2011,24.01924626,73.5,99.88,998800000
1564,13,4,2011,226.3039918,86.8,100,1000000000
1565,14,4,2011,235.8037003,138.7,99.82,998200000
1566,15,4,2011,167.1422931,148.7,99.64,996400000
1567,16,4,2011,238.4278709,116.3,99.53,995300000
1568,17,4,2011,88.02935238,145,99.34,993400000
1569,18,4,2011,148.7271272,120.5,99.4,994000000
1570,19,4,2011,236.0557252,150.7,99.4,994000000
1571,20,4,2011,266.5071874,139.1,99.22,992200000
1572,21,4,2011,66.95388318,146.1,98.97,989700000
1573,22,4,2011,260.5000234,87.5,99,990000000
1574,23,4,2011,222.2957761,132.8,98.74,987400000
1575,24,4,2011,167.2628211,142.1,98.56,985600000
1576,25,4,2011,194.0162709,58.8,98.34,983400000
1577,26,4,2011,173.5340009,147.8,98.26,982600000
1578,27,4,2011,222.4433671,102,98.09,980900000
1579,28,4,2011,275.4899525,107.6,97.86,978600000
1580,29,4,2011,190.3416826,123.1,97.55,975500000
1581,30,4,2011,88.32249384,96.8,97.36,973600000
1582,1,5,2011,39.66770411,90.7,97.36,973600000
1583,2,5,2011,95.55128294,70.5,97.42,974200000
1584,3,5,2011,247.6034093,72,97.37,973700000
1585,4,5,2011,265.2898712,161.1,97.2,972000000
1586,5,5,2011,343.4736751,158.8,97,970000000
1587,6,5,2011,290.8452293,160.6,96.72,967200000
1588,7,5,2011,266.539752,106.8,96.36,963600000
1589,8,5,2011,299.1351889,129,96.18,961800000
1590,9,5,2011,363.0580848,153.4,95.9,959000000
1591,10,5,2011,215.7070996,157.1,95.5,955000000
1592,11,5,2011,194.0858175,178.6,95.31,953100000
1593,12,5,2011,68.77361865,352.8,95.4,954000000
1594,13,5,2011,143.2502462,334.2,95.92,959200000
1595,14,5,2011,117.6911007,241.1,96.22,962200000
1596,15,5,2011,30.38736785,182,96.3,963000000
1597,16,5,2011,167.9076979,940,97.09,970900000
1598,17,5,2011,393.7466161,631.2,98.15,981500000
1599,18,5,2011,411.7460173,460.7,98.36,983600000
1600,19,5,2011,140.0305667,298.9,98.48,984800000
1601,20,5,2011,411.4108556,261.5,98.6,986000000
1602,21,5,2011,507.5540048,245.4,98.23,982300000
1603,22,5,2011,177.8498192,222.2,97.83,978300000
1604,23,5,2011,470.1786734,288.2,97.85,978500000
1605,24,5,2011,501.9603897,266.6,97.41,974100000
1606,25,5,2011,516.9624638,238.4,96.87,968700000
1607,26,5,2011,550.8029593,211.2,96.22,962200000
1608,27,5,2011,579.813057,117.5,95.46,954600000
1609,28,5,2011,434.8378316,168.8,94.78,947800000
1610,29,5,2011,256.3941907,129.7,94.29,942900000
1611,30,5,2011,365.77793,121.8,93.91,939100000
1612,31,5,2011,443.9393929,147.5,93.3,933000000
1613,1,6,2011,357.8893755,154,92.74,927400000
1614,2,6,2011,195.5679635,128.8,92.34,923400000
1615,3,6,2011,436.5140899,203.7,92.02,920200000
1616,4,6,2011,365.9721252,185.6,91.58,915800000
1617,5,6,2011,87.37976441,183.6,91.28,912800000
1618,6,6,2011,176.5210111,136.9,91.38,913800000
1619,7,6,2011,195.9214304,161.5,91.31,913100000
1620,8,6,2011,216.9418492,153.1,91.14,911400000
1621,9,6,2011,146.5813135,154,91.04,910400000
1622,10,6,2011,390.5560847,207.1,91.01,910100000
1623,11,6,2011,338.5056216,467,90.79,907900000
1624,12,6,2011,317.6978741,396.2,91.16,911600000
1625,13,6,2011,311.9931364,491.1,91.41,914100000
1626,14,6,2011,575.2498344,530.5,91.62,916200000
1627,15,6,2011,643.1304804,492.9,91.36,913600000
1628,16,6,2011,659.6419079,474.1,90.97,909700000
1629,17,6,2011,553.4430172,654.3,90.92,909200000
1630,18,6,2011,442.9827477,751,91.4,914000000
1631,19,6,2011,142.9744101,785.5,92.47,924700000
1632,20,6,2011,328.5415461,751.4,93.78,937800000
1633,21,6,2011,438.2766639,751,94.64,946400000
1634,22,6,2011,478.2321541,657.1,95.19,951900000
1635,23,6,2011,613.5148919,645.2,95.25,952500000
1636,24,6,2011,473.5921668,716.2,95.66,956600000
1637,25,6,2011,558.9826246,637.9,95.86,958600000
1638,26,6,2011,694.3133042,871.8,96.17,961700000
1639,27,6,2011,698.3624542,921.4,96.55,965500000
1640,28,6,2011,704.343472,1006.9,97.06,970600000
1641,29,6,2011,722.3873393,903.9,97.56,975600000
1642,30,6,2011,722.3688687,875.8,97.9,979000000
1643,1,7,2011,729.6088132,936.6,98.27,982700000
1644,2,7,2011,724.4099233,850.7,98.55,985500000
1645,3,7,2011,731.8601274,982.8,98.95,989500000
1646,4,7,2011,730.4987904,944.5,99.42,994200000
1647,5,7,2011,748.9497173,767.2,99.62,996200000
1648,6,7,2011,743.6957983,665.1,99.56,995600000
1649,7,7,2011,732.5996151,588,99.3,993000000
1650,8,7,2011,740.2093642,639.6,99.06,990600000
1651,9,7,2011,729.8083893,563.7,98.78,987800000
1652,10,7,2011,706.1089999,508.8,98.38,983800000
1653,11,7,2011,562.953311,544.6,98.22,982200000
1654,12,7,2011,570.0473122,644.4,98.2,982000000
1655,13,7,2011,400.4271503,497.2,98.39,983900000
1656,14,7,2011,356.6777908,478.6,98.55,985500000
1657,15,7,2011,452.5511891,404.3,98.57,985700000
1658,16,7,2011,452.1074812,370.7,98.4,984000000
1659,17,7,2011,557.4507842,197.4,97.97,979700000
1660,18,7,2011,667.2034319,403.3,97.39,973900000
1661,19,7,2011,445.9888313,357.9,97.09,970900000
1662,20,7,2011,470.4225086,333.3,96.86,968600000
1663,21,7,2011,481.6019992,288.1,96.46,964600000
1664,22,7,2011,348.3246091,231.6,96.12,961200000
1665,23,7,2011,230.0632495,328,96.09,960900000
1666,24,7,2011,52.57995052,431.2,96.57,965700000
1667,25,7,2011,313.410997,401,97.13,971300000
1668,26,7,2011,428.8767007,368,97.19,971900000
1669,27,7,2011,500.670227,326,96.88,968800000
1670,28,7,2011,590.5523127,326,96.34,963400000
1671,29,7,2011,615.7258563,267,95.68,956800000
1672,30,7,2011,68.14512691,195,95.32,953200000
1673,31,7,2011,30.14552766,187,95.61,956100000
1674,1,8,2011,297.5482515,247,95.79,957900000
1675,2,8,2011,149.9411644,227,95.73,957300000
1676,3,8,2011,201.4426652,233,95.83,958300000
1677,4,8,2011,246.7936914,226,95.87,958700000
1678,5,8,2011,266.3948463,205,95.74,957400000
1679,6,8,2011,66.4801706,351,95.96,959600000
1680,7,8,2011,16.81614335,213,96.35,963500000
1681,8,8,2011,215.7681814,291,96.63,966300000
1682,9,8,2011,311.4212808,218,96.6,966000000
1683,10,8,2011,91.2112749,247,96.6,966000000
1684,11,8,2011,79.66888176,281,97.04,970400000
1685,12,8,2011,51.8249503,428,97.59,975900000
1686,13,8,2011,2.9,322,98.21,982100000
1687,14,8,2011,2.9,369,98.91,989100000
1688,15,8,2011,296.5421268,318,99.4,994000000
1689,16,8,2011,299.3409664,345,99.42,994200000
1690,17,8,2011,153.2295059,245,99.53,995300000
1691,18,8,2011,166.9581877,241,99.7,997000000
1692,19,8,2011,160.443938,327,99.89,998900000
1693,20,8,2011,2.9,260,100.18,1001800000
1694,21,8,2011,2.9,312,100.72,1007200000
1695,22,8,2011,192.2856744,282,101.1,1011000000
1696,23,8,2011,272.3865367,238,101.16,1011600000
1697,24,8,2011,143.4247149,370,101.31,1013100000
1698,25,8,2011,235.9894315,312,101.55,1015500000
1699,26,8,2011,91.32163939,240,101.68,1016800000
1700,27,8,2011,79.33796951,207,101.89,1018900000
1701,28,8,2011,63.96368993,172,102.1,1021000000
1702,29,8,2011,182.0352273,161,102.21,1022100000
1703,30,8,2011,228.8939885,148,102.16,1021600000
1704,31,8,2011,229.8278949,150,102.06,1020600000
1705,1,9,2011,337.1618776,219,101.8,1018000000
1706,2,9,2011,3.5,141,101.68,1016800000
1707,3,9,2011,3.5,155,101.91,1019100000
1708,4,9,2011,22.25924364,209,102.2,1022000000
1709,5,9,2011,246.1443481,230,102.45,1024500000
1710,6,9,2011,45.58261017,203,102.47,1024700000
1711,7,9,2011,181.4181142,191,102.65,1026500000
1712,8,9,2011,191.2686969,201,102.68,1026800000
1713,9,9,2011,121.8049789,201,102.75,1027500000
1714,10,9,2011,15.75215497,191,102.98,1029800000
1715,11,9,2011,3.5,193,103.26,1032600000
1716,12,9,2011,104.3128534,191,103.02,1030200000
1717,13,9,2011,37.945663,187,103.7,1037000000
1718,14,9,2011,22.52836518,196,103.98,1039800000
1719,15,9,2011,3.5,197,104.29,1042900000
1720,16,9,2011,57.90584755,187,104.6,1046000000
1721,17,9,2011,3.5,167,104.84,1048400000
1722,18,9,2011,3.5,144,105.08,1050800000
1723,19,9,2011,3.5,162,105.31,1053100000
1724,20,9,2011,3.5,757,106.05,1060500000
1725,21,9,2011,3.5,418,106.86,1068600000
1726,22,9,2011,3.5,384,107.44,1074400000
1727,23,9,2011,3.5,321,107.93,1079300000
1728,24,9,2011,3.5,245,108.31,1083100000
1729,25,9,2011,3.5,204,108.62,1086200000
1730,26,9,2011,79.0176986,205,108.87,1088700000
1731,27,9,2011,37.41779245,164,109.04,1090400000
1732,28,9,2011,27.20037725,157,109.22,1092200000
1733,29,9,2011,144.7337415,195,109.39,1093900000
1734,30,9,2011,3.5,135,109.44,1094400000
1735,1,10,2011,48.25905473,179,109.64,1096400000
1736,2,10,2011,38.24221249,209,109.88,1098800000
1737,3,10,2011,36.76178411,192,109.95,1099500000
1738,4,10,2011,52.60193173,194,110.14,1101400000
1739,5,10,2011,38.8243032,142,110.3,1103000000
1740,6,10,2011,57.86814434,222,110.47,1104700000
1741,7,10,2011,200.5164388,222,110.62,1106200000
1742,8,10,2011,92.71908124,180,110.76,1107600000
1743,9,10,2011,32.02615184,173,110.91,1109100000
1744,10,10,2011,18.69235093,196,111.09,1110900000
1745,11,10,2011,15.97885391,159,111.23,1112300000
1746,12,10,2011,18.19118011,189,111.36,1113600000
1747,13,10,2011,14.97666827,146,111.5,1115000000
1748,14,10,2011,20.53355143,220,111.63,1116300000
1749,15,10,2011,18.8364674,197,111.73,1117300000
1750,16,10,2011,16.11181086,162,111.83,1118300000
1751,17,10,2011,226.2822287,147,111.98,1119800000
1752,18,10,2011,183.3915817,109,111.92,1119200000
1753,19,10,2011,111.831927,133,111.93,1119300000
1754,20,10,2011,69.19903075,129,111.96,1119600000
1755,21,10,2011,74.08384772,127,112.05,1120500000
1756,22,10,2011,83.40548513,134,112.13,1121300000
1757,23,10,2011,70.48794786,85,112.21,1122100000
1758,24,10,2011,111.4883317,145,112.27,1122700000
1759,25,10,2011,51.96455833,105,112.29,1122900000
1760,26,10,2011,90.15210377,149,112.38,1123800000
1761,27,10,2011,265.2444481,145,112.4,1124000000
1762,28,10,2011,52.8428403,420,112.48,1124800000
1763,29,10,2011,24.18045119,401,112.98,1129800000
1764,30,10,2011,18.16474207,390,113.43,1134300000
1765,31,10,2011,35.9176939,400,113.97,1139700000
1766,1,11,2011,66.35104357,333,114.39,1143900000
1767,2,11,2011,45.05315784,272,114.7,1147000000
1768,3,11,2011,43.30766799,217,114.94,1149400000
1769,4,11,2011,64.99523344,230,115.15,1151500000
1770,5,11,2011,4.3,218,115.35,1153500000
1771,6,11,2011,68.32124793,208,115.58,1155800000
1772,7,11,2011,67.28585197,199,115.73,1157300000
1773,8,11,2011,48.79382234,156,115.88,1158800000
1774,9,11,2011,48.37482876,180,116.03,1160300000
1775,10,11,2011,47.9454082,114,116.13,1161300000
1776,11,11,2011,35.96734559,204,116.25,1162500000
1777,12,11,2011,70.3730128,120,116.37,1163700000
1778,13,11,2011,23.32025256,127,116.42,1164200000
1779,14,11,2011,100.5218059,149,116.53,1165300000
1780,15,11,2011,90.76458191,102,116.56,1165600000
1781,16,11,2011,100.2424136,131,116.59,1165900000
1782,17,11,2011,138.6231304,103,116.61,1166100000
1783,18,11,2011,81.41038354,113,116.63,1166300000
1784,19,11,2011,53.6064525,105,116.68,1166800000
1785,20,11,2011,22.46588658,87,116.74,1167400000
1786,21,11,2011,44.5291563,117.6,116.83,1168300000
1787,22,11,2011,75.65124198,98,116.9,1169000000
1788,23,11,2011,51.43717088,107.9,116.94,1169400000
1789,24,11,2011,116.4173889,102.8,116.98,1169800000
1790,25,11,2011,67.41035112,56.4,116.99,1169900000
1791,26,11,2011,87.2992726,98.9,117.04,1170400000
1792,27,11,2011,66.4589668,70.1,117.06,1170600000
1793,28,11,2011,105.1742403,139.3,117.07,1170700000
1794,29,11,2011,83.41003702,101.3,117.08,1170800000
1795,30,11,2011,114.5618339,98.2,117.1,1171000000
1796,1,12,2011,338.8902678,171.4,117.04,1170400000
1797,2,12,2011,382.0333278,104,116.81,1168100000
1798,3,12,2011,130.5997221,70.5,116.62,1166200000
1799,4,12,2011,26.96780725,116.1,116.64,1166400000
1800,5,12,2011,60.68256152,124.1,116.72,1167200000
1801,6,12,2011,171.2610711,95.8,116.72,1167200000
1802,7,12,2011,41.46516037,109.6,116.69,1166900000
1803,8,12,2011,69.66683389,84,116.74,1167400000
1804,9,12,2011,69.79259837,89.4,116.76,1167600000
1805,10,12,2011,45.83838037,103.3,116.8,1168000000
1806,11,12,2011,55.94210489,115.4,116.8,1168000000
1807,12,12,2011,105.6295223,66,116.79,1167900000
1808,13,12,2011,57.56229999,86,116.79,1167900000
1809,14,12,2011,56.6576762,69,116.82,1168200000
1810,15,12,2011,17.90286917,76.8,116.76,1167600000
1811,16,12,2011,44.22556557,78.5,116.8,1168000000
1812,17,12,2011,61.74074507,71.8,116.83,1168300000
1813,18,12,2011,54.00038313,128.9,116.85,1168500000
1814,19,12,2011,139.1534429,88,116.84,1168400000
1815,20,12,2011,165.7583044,95.4,116.78,1167800000
1816,21,12,2011,116.7368284,70.5,116.7,1167000000
1817,22,12,2011,118.8046391,71.8,116.67,1166700000
1818,23,12,2011,115.1072991,83.8,116.65,1166500000
1819,24,12,2011,65.0550686,81,116.62,1166200000
1820,25,12,2011,28.02900973,81.8,116.64,1166400000
1821,26,12,2011,150.3327562,74.6,116.67,1166700000
1822,27,12,2011,95.0132243,88.9,116.58,1165800000
1823,28,12,2011,110.6955699,89.2,116.57,1165700000
